-- authors

INSERT INTO `authors` (`id`, `athor_f_name`, `athor_l_name`, `created_at`, `updated_at`) VALUES (1, 'Archibald', 'Johns', '2009-03-21 23:04:21', '2000-01-02 08:23:37');
INSERT INTO `authors` (`id`, `athor_f_name`, `athor_l_name`, `created_at`, `updated_at`) VALUES (2, 'Romaine', 'Bogisich', '1980-10-01 03:26:30', '2006-08-25 19:49:20');
INSERT INTO `authors` (`id`, `athor_f_name`, `athor_l_name`, `created_at`, `updated_at`) VALUES (3, 'Sallie', 'Berge', '1974-10-22 15:17:10', '2005-09-14 08:51:59');
INSERT INTO `authors` (`id`, `athor_f_name`, `athor_l_name`, `created_at`, `updated_at`) VALUES (4, 'Jacey', 'Sauer', '2013-06-26 16:57:08', '1994-08-03 04:44:29');
INSERT INTO `authors` (`id`, `athor_f_name`, `athor_l_name`, `created_at`, `updated_at`) VALUES (5, 'Anika', 'Thiel', '2019-06-13 04:27:24', '2005-01-29 08:53:47');
INSERT INTO `authors` (`id`, `athor_f_name`, `athor_l_name`, `created_at`, `updated_at`) VALUES (6, 'Dulce', 'Kozey', '2004-01-06 05:30:07', '2015-06-27 20:03:22');
INSERT INTO `authors` (`id`, `athor_f_name`, `athor_l_name`, `created_at`, `updated_at`) VALUES (7, 'Mohammad', 'Erdman', '2017-10-09 02:06:25', '1992-10-22 16:37:07');
INSERT INTO `authors` (`id`, `athor_f_name`, `athor_l_name`, `created_at`, `updated_at`) VALUES (8, 'Ayla', 'Koepp', '2012-05-22 22:19:12', '1984-03-03 07:52:29');
INSERT INTO `authors` (`id`, `athor_f_name`, `athor_l_name`, `created_at`, `updated_at`) VALUES (9, 'Reina', 'Beer', '1995-01-13 10:48:58', '1997-10-20 18:15:49');
INSERT INTO `authors` (`id`, `athor_f_name`, `athor_l_name`, `created_at`, `updated_at`) VALUES (10, 'Gage', 'Haag', '1972-05-12 07:16:31', '1983-08-16 18:38:02');
INSERT INTO `authors` (`id`, `athor_f_name`, `athor_l_name`, `created_at`, `updated_at`) VALUES (11, 'Madisen', 'Macejkovic', '1997-07-14 08:34:57', '1974-09-30 03:31:04');
INSERT INTO `authors` (`id`, `athor_f_name`, `athor_l_name`, `created_at`, `updated_at`) VALUES (12, 'Ciara', 'Cummerata', '1978-04-08 19:18:26', '2003-12-20 19:29:07');
INSERT INTO `authors` (`id`, `athor_f_name`, `athor_l_name`, `created_at`, `updated_at`) VALUES (13, 'Allan', 'Wilkinson', '1982-09-20 04:34:06', '1988-09-23 08:19:47');
INSERT INTO `authors` (`id`, `athor_f_name`, `athor_l_name`, `created_at`, `updated_at`) VALUES (14, 'Ocie', 'Weimann', '2016-01-10 08:16:43', '2007-03-24 05:02:40');
INSERT INTO `authors` (`id`, `athor_f_name`, `athor_l_name`, `created_at`, `updated_at`) VALUES (15, 'Keyshawn', 'Nader', '1981-02-06 19:33:40', '1990-05-17 15:32:04');
INSERT INTO `authors` (`id`, `athor_f_name`, `athor_l_name`, `created_at`, `updated_at`) VALUES (16, 'Myrtie', 'Murphy', '1991-01-21 21:44:05', '1995-09-04 10:35:05');
INSERT INTO `authors` (`id`, `athor_f_name`, `athor_l_name`, `created_at`, `updated_at`) VALUES (17, 'Hubert', 'Christiansen', '2016-02-24 16:38:55', '2017-07-21 05:17:50');
INSERT INTO `authors` (`id`, `athor_f_name`, `athor_l_name`, `created_at`, `updated_at`) VALUES (18, 'Taylor', 'Frami', '1992-08-02 15:45:33', '1998-05-14 20:18:24');
INSERT INTO `authors` (`id`, `athor_f_name`, `athor_l_name`, `created_at`, `updated_at`) VALUES (19, 'Jeff', 'Anderson', '2014-07-08 02:37:58', '2008-10-29 08:04:52');
INSERT INTO `authors` (`id`, `athor_f_name`, `athor_l_name`, `created_at`, `updated_at`) VALUES (20, 'Marielle', 'King', '1987-04-22 21:56:22', '2020-08-16 19:34:21');
INSERT INTO `authors` (`id`, `athor_f_name`, `athor_l_name`, `created_at`, `updated_at`) VALUES (21, 'Peyton', 'Baumbach', '1981-07-27 05:31:35', '1994-02-04 04:14:00');
INSERT INTO `authors` (`id`, `athor_f_name`, `athor_l_name`, `created_at`, `updated_at`) VALUES (22, 'Ken', 'O\'Kon', '2008-08-23 11:32:40', '2001-09-14 06:43:46');
INSERT INTO `authors` (`id`, `athor_f_name`, `athor_l_name`, `created_at`, `updated_at`) VALUES (23, 'Montana', 'Bradtke', '2016-08-20 09:39:41', '2013-03-23 03:26:08');
INSERT INTO `authors` (`id`, `athor_f_name`, `athor_l_name`, `created_at`, `updated_at`) VALUES (24, 'Caroline', 'Cassin', '1990-04-28 17:03:25', '1993-07-12 01:18:11');
INSERT INTO `authors` (`id`, `athor_f_name`, `athor_l_name`, `created_at`, `updated_at`) VALUES (25, 'Christian', 'Flatley', '2015-04-27 14:36:02', '2003-07-20 13:41:21');
INSERT INTO `authors` (`id`, `athor_f_name`, `athor_l_name`, `created_at`, `updated_at`) VALUES (26, 'Peggie', 'Prohaska', '2019-10-08 23:46:25', '2013-12-01 14:38:40');
INSERT INTO `authors` (`id`, `athor_f_name`, `athor_l_name`, `created_at`, `updated_at`) VALUES (27, 'Hanna', 'Osinski', '1992-02-16 06:27:41', '1982-01-25 01:24:54');
INSERT INTO `authors` (`id`, `athor_f_name`, `athor_l_name`, `created_at`, `updated_at`) VALUES (28, 'Sidney', 'Thompson', '1971-07-29 09:36:35', '1971-08-02 07:06:00');
INSERT INTO `authors` (`id`, `athor_f_name`, `athor_l_name`, `created_at`, `updated_at`) VALUES (29, 'Cheyanne', 'Koepp', '1971-08-30 14:59:51', '1986-12-26 22:53:49');
INSERT INTO `authors` (`id`, `athor_f_name`, `athor_l_name`, `created_at`, `updated_at`) VALUES (30, 'Ewald', 'Pagac', '2016-04-14 00:34:31', '1972-06-15 04:01:17');
INSERT INTO `authors` (`id`, `athor_f_name`, `athor_l_name`, `created_at`, `updated_at`) VALUES (31, 'Lauretta', 'Schumm', '1976-09-07 17:48:47', '2010-08-21 07:43:10');
INSERT INTO `authors` (`id`, `athor_f_name`, `athor_l_name`, `created_at`, `updated_at`) VALUES (32, 'Willow', 'Rodriguez', '1985-09-18 22:35:34', '2012-07-04 23:00:00');
INSERT INTO `authors` (`id`, `athor_f_name`, `athor_l_name`, `created_at`, `updated_at`) VALUES (33, 'Noemy', 'O\'Kon', '1993-07-21 13:36:43', '1975-01-25 05:40:52');
INSERT INTO `authors` (`id`, `athor_f_name`, `athor_l_name`, `created_at`, `updated_at`) VALUES (34, 'Jody', 'Casper', '1990-02-02 17:32:59', '1970-02-16 12:52:12');
INSERT INTO `authors` (`id`, `athor_f_name`, `athor_l_name`, `created_at`, `updated_at`) VALUES (35, 'Rylee', 'Romaguera', '2017-04-14 05:12:45', '1989-07-17 02:15:38');
INSERT INTO `authors` (`id`, `athor_f_name`, `athor_l_name`, `created_at`, `updated_at`) VALUES (36, 'Arne', 'Wuckert', '1977-10-07 19:49:40', '1997-10-05 21:10:35');
INSERT INTO `authors` (`id`, `athor_f_name`, `athor_l_name`, `created_at`, `updated_at`) VALUES (37, 'Rosetta', 'O\'Kon', '1970-02-03 09:42:38', '2001-07-26 00:09:23');
INSERT INTO `authors` (`id`, `athor_f_name`, `athor_l_name`, `created_at`, `updated_at`) VALUES (38, 'Hunter', 'Towne', '2018-08-28 14:35:27', '2001-08-25 17:50:02');
INSERT INTO `authors` (`id`, `athor_f_name`, `athor_l_name`, `created_at`, `updated_at`) VALUES (39, 'Casey', 'Green', '2007-09-14 11:14:23', '1988-05-10 17:29:56');
INSERT INTO `authors` (`id`, `athor_f_name`, `athor_l_name`, `created_at`, `updated_at`) VALUES (40, 'Margarette', 'Larkin', '1996-09-08 13:28:49', '2015-11-25 16:30:25');
INSERT INTO `authors` (`id`, `athor_f_name`, `athor_l_name`, `created_at`, `updated_at`) VALUES (41, 'Amya', 'Bailey', '1970-09-26 22:55:46', '1992-11-16 17:38:37');
INSERT INTO `authors` (`id`, `athor_f_name`, `athor_l_name`, `created_at`, `updated_at`) VALUES (42, 'Brenda', 'Kautzer', '1989-05-29 12:27:27', '2002-03-01 01:26:24');
INSERT INTO `authors` (`id`, `athor_f_name`, `athor_l_name`, `created_at`, `updated_at`) VALUES (43, 'Andy', 'Lind', '1993-06-10 10:59:30', '1977-05-02 05:29:06');
INSERT INTO `authors` (`id`, `athor_f_name`, `athor_l_name`, `created_at`, `updated_at`) VALUES (44, 'Kristofer', 'Rutherford', '2001-03-08 01:39:58', '1984-02-08 01:00:12');
INSERT INTO `authors` (`id`, `athor_f_name`, `athor_l_name`, `created_at`, `updated_at`) VALUES (45, 'Lynn', 'Schaefer', '1974-01-27 06:08:32', '2003-11-26 19:34:56');
INSERT INTO `authors` (`id`, `athor_f_name`, `athor_l_name`, `created_at`, `updated_at`) VALUES (46, 'Emely', 'Muller', '1973-05-06 10:05:50', '1978-04-03 15:10:07');
INSERT INTO `authors` (`id`, `athor_f_name`, `athor_l_name`, `created_at`, `updated_at`) VALUES (47, 'Giuseppe', 'Dooley', '2015-02-17 22:24:33', '1995-09-07 20:59:21');
INSERT INTO `authors` (`id`, `athor_f_name`, `athor_l_name`, `created_at`, `updated_at`) VALUES (48, 'Annie', 'Schowalter', '1971-10-24 11:00:56', '2005-11-25 01:27:49');
INSERT INTO `authors` (`id`, `athor_f_name`, `athor_l_name`, `created_at`, `updated_at`) VALUES (49, 'Liliana', 'Carroll', '1992-07-24 13:06:22', '2011-12-19 19:35:47');
INSERT INTO `authors` (`id`, `athor_f_name`, `athor_l_name`, `created_at`, `updated_at`) VALUES (50, 'Shyanne', 'Will', '1986-07-20 22:12:59', '1978-03-08 23:24:30');

-- book_types

INSERT INTO `book_types` (`id`, `name`, `created_at`, `updated_at`) VALUES (1, 'paper', '2005-05-03 00:07:34', '2016-03-18 18:15:29');
INSERT INTO `book_types` (`id`, `name`, `created_at`, `updated_at`) VALUES (2, 'audio', '1994-02-26 21:04:34', '2017-10-06 08:30:03');
INSERT INTO `book_types` (`id`, `name`, `created_at`, `updated_at`) VALUES (3, 'ebook', '2005-09-08 07:16:37', '1974-05-24 03:36:29');


-- genres

INSERT INTO `genres` (`id`, `name`, `created_at`, `updated_at`) VALUES (1, 'novel', '1996-08-26 08:28:23', '2010-05-25 01:46:55');
INSERT INTO `genres` (`id`, `name`, `created_at`, `updated_at`) VALUES (2, 'fantasy', '2018-02-04 17:24:57', '1979-01-30 14:14:31');
INSERT INTO `genres` (`id`, `name`, `created_at`, `updated_at`) VALUES (3, 'poetry', '2004-02-01 10:47:43', '1989-11-10 17:42:52');


-- order_status

INSERT INTO `order_status` (`id`, `status_type`, `created_at`, `updated_at`) VALUES (1, 'confirmed', '1971-01-02 14:29:23', '2006-11-20 10:01:11');
INSERT INTO `order_status` (`id`, `status_type`, `created_at`, `updated_at`) VALUES (2, 'canceled', '1973-08-16 15:03:56', '1971-01-10 03:51:54');
INSERT INTO `order_status` (`id`, `status_type`, `created_at`, `updated_at`) VALUES (3, 'paid', '1985-01-13 10:12:06', '1989-06-10 14:16:35');
INSERT INTO `order_status` (`id`, `status_type`, `created_at`, `updated_at`) VALUES (4, 'delivered', '1998-05-14 01:08:17', '2013-02-20 22:16:35');


-- publishing_house

INSERT INTO `publishing_house` (`id`, `name`, `created_at`, `updated_at`) VALUES (1, 'est', '1979-03-06 06:27:37', '1996-07-11 23:06:04');
INSERT INTO `publishing_house` (`id`, `name`, `created_at`, `updated_at`) VALUES (2, 'libero', '1973-11-16 01:51:38', '2002-06-10 08:33:31');
INSERT INTO `publishing_house` (`id`, `name`, `created_at`, `updated_at`) VALUES (3, 'debitis', '1982-09-07 19:48:53', '2015-09-06 22:37:25');
INSERT INTO `publishing_house` (`id`, `name`, `created_at`, `updated_at`) VALUES (4, 'esse', '2003-04-18 05:08:53', '1984-05-10 16:56:17');

-- users

INSERT INTO `users` (`id`, `first_name`, `last_name`, `email`, `phone`, `gender`, `birthday`, `city`, `created_at`, `updated_at`) VALUES (1, 'Bell', 'Klein', 'funk.hildegard@example.org', '(177)651-6467x343', 'F', '1961-05-13', 'West Cali', '2020-06-01 13:37:19', '2020-06-01 13:37:19');
INSERT INTO `users` (`id`, `first_name`, `last_name`, `email`, `phone`, `gender`, `birthday`, `city`, `created_at`, `updated_at`) VALUES (2, 'Tyrique', 'Langosh', 'daisy39@example.org', '019.479.9040x37138', 'M', '1994-03-21', 'Lake Lelia', '2020-06-01 13:37:19', '2020-06-01 13:37:19');
INSERT INTO `users` (`id`, `first_name`, `last_name`, `email`, `phone`, `gender`, `birthday`, `city`, `created_at`, `updated_at`) VALUES (3, 'Lola', 'Brekke', 'kbartell@example.org', '09324977877', 'F', '1983-02-18', 'West Lukasmouth', '2002-02-23 20:52:01', '2017-12-21 20:13:40');
INSERT INTO `users` (`id`, `first_name`, `last_name`, `email`, `phone`, `gender`, `birthday`, `city`, `created_at`, `updated_at`) VALUES (4, 'Johnathon', 'Schaefer', 'gulgowski.reyes@example.com', '1-218-594-0734x036', 'M', '1985-12-30', 'Karifort', '2002-02-23 20:52:01', '2017-12-21 20:13:40');
INSERT INTO `users` (`id`, `first_name`, `last_name`, `email`, `phone`, `gender`, `birthday`, `city`, `created_at`, `updated_at`) VALUES (5, 'Julien', 'Pfannerstill', 'rnader@example.org', '(900)146-7931x295', 'M', '1968-05-14', 'Hackettside', '2001-04-30 23:03:49', '2004-10-29 01:06:01');
INSERT INTO `users` (`id`, `first_name`, `last_name`, `email`, `phone`, `gender`, `birthday`, `city`, `created_at`, `updated_at`) VALUES (6, 'Isidro', 'Homenick', 'jolson@example.net', '(011)946-4255', 'F', '1986-10-24', 'New Rosalindhaven', '2017-12-10 12:55:36', '2020-06-01 13:37:19');
INSERT INTO `users` (`id`, `first_name`, `last_name`, `email`, `phone`, `gender`, `birthday`, `city`, `created_at`, `updated_at`) VALUES (7, 'Katrine', 'Bergnaum', 'hoeger.zora@example.org', '389.438.2147x26977', 'F', '1988-09-03', 'Lake Marionmouth', '2007-11-18 14:16:34', '2007-11-18 14:16:34');
INSERT INTO `users` (`id`, `first_name`, `last_name`, `email`, `phone`, `gender`, `birthday`, `city`, `created_at`, `updated_at`) VALUES (8, 'Lupe', 'Schaefer', 'kaitlyn56@example.org', '070-404-1660x32093', 'M', '1997-04-06', 'West Yazmin', '2002-02-23 20:52:01', '2002-02-23 20:52:01');
INSERT INTO `users` (`id`, `first_name`, `last_name`, `email`, `phone`, `gender`, `birthday`, `city`, `created_at`, `updated_at`) VALUES (9, 'Flo', 'Gibson', 'brenden.bauch@example.com', '316.205.8211x20521', 'M', '1998-10-06', 'Mohammedburgh', '2006-04-25 20:45:40', '2014-05-29 16:54:39');
INSERT INTO `users` (`id`, `first_name`, `last_name`, `email`, `phone`, `gender`, `birthday`, `city`, `created_at`, `updated_at`) VALUES (10, 'Shana', 'Sporer', 'mozell05@example.com', '732-654-2364', 'F', '1981-04-06', 'West Demondville', '2006-04-25 20:45:40', '2010-10-08 10:31:16');
INSERT INTO `users` (`id`, `first_name`, `last_name`, `email`, `phone`, `gender`, `birthday`, `city`, `created_at`, `updated_at`) VALUES (11, 'Hayley', 'Dach', 'casey43@example.com', '+34(8)9290373680', 'F', '1972-02-20', 'Alishaland', '2011-01-17 21:50:20', '2011-01-17 21:50:20');
INSERT INTO `users` (`id`, `first_name`, `last_name`, `email`, `phone`, `gender`, `birthday`, `city`, `created_at`, `updated_at`) VALUES (12, 'Ora', 'Mraz', 'cierra.flatley@example.net', '661-997-3297x4397', 'F', '1979-01-08', 'Fayhaven', '2010-12-17 20:40:52', '2010-12-17 20:40:52');
INSERT INTO `users` (`id`, `first_name`, `last_name`, `email`, `phone`, `gender`, `birthday`, `city`, `created_at`, `updated_at`) VALUES (13, 'Deshaun', 'Kerluke', 'ayla.bruen@example.org', '407-657-0027x6022', 'M', '1992-11-21', 'New Keara', '2010-12-17 20:40:52', '2010-12-17 20:40:52');
INSERT INTO `users` (`id`, `first_name`, `last_name`, `email`, `phone`, `gender`, `birthday`, `city`, `created_at`, `updated_at`) VALUES (14, 'Jaeden', 'Gerlach', 'kellen.ankunding@example.com', '508-559-3566x57600', 'M', '1981-06-22', 'Ottischester', '2010-09-23 17:24:31', '2010-09-23 17:24:31');
INSERT INTO `users` (`id`, `first_name`, `last_name`, `email`, `phone`, `gender`, `birthday`, `city`, `created_at`, `updated_at`) VALUES (15, 'Ebba', 'Jast', 'sally.price@example.org', '894.215.5013x26433', 'F', '1990-11-23', 'South Gabrielleville', '2005-05-04 16:21:29', '2005-05-04 16:21:29');
INSERT INTO `users` (`id`, `first_name`, `last_name`, `email`, `phone`, `gender`, `birthday`, `city`, `created_at`, `updated_at`) VALUES (16, 'Dulce', 'Schmeler', 'casandra17@example.net', '00527854916', 'F', '1973-06-25', 'Gutmannport', '2010-09-23 17:24:31', '2010-09-23 17:24:31');
INSERT INTO `users` (`id`, `first_name`, `last_name`, `email`, `phone`, `gender`, `birthday`, `city`, `created_at`, `updated_at`) VALUES (17, 'Marquis', 'Mills', 'euna.robel@example.net', '986-995-0537x30277', 'M', '1977-11-06', 'Lake Ashaport', '2018-01-18 16:14:59', '2018-01-18 16:14:59');
INSERT INTO `users` (`id`, `first_name`, `last_name`, `email`, `phone`, `gender`, `birthday`, `city`, `created_at`, `updated_at`) VALUES (18, 'Tabitha', 'Beer', 'abdullah.waelchi@example.net', '422.764.3879', 'F', '1997-03-15', 'South Jessika', '2018-01-18 16:14:59', '2018-01-18 16:14:59');
INSERT INTO `users` (`id`, `first_name`, `last_name`, `email`, `phone`, `gender`, `birthday`, `city`, `created_at`, `updated_at`) VALUES (19, 'Trent', 'McLaughlin', 'luella.champlin@example.org', '807-782-5107', 'M', '1988-03-28', 'North Virginie', '2002-12-17 21:00:49', '2008-07-16 23:01:07');
INSERT INTO `users` (`id`, `first_name`, `last_name`, `email`, `phone`, `gender`, `birthday`, `city`, `created_at`, `updated_at`) VALUES (20, 'Brooklyn', 'Prosacco', 'dillon.mclaughlin@example.net', '1-109-805-2929x77715', 'M', '1998-04-15', 'Morissettefurt', '2014-02-26 23:14:05', '2014-02-26 23:14:05');


-- books

INSERT INTO `books` (`id`, `title`, `author_id`, `publishing_id`, `genre_id`, `book_type_id`, `created_at`, `updated_at`) VALUES (1, 'Cloned analyzing functionalities', 1, 1, 1, 1, '1975-03-22 02:23:27', '1975-12-07 23:06:46');
INSERT INTO `books` (`id`, `title`, `author_id`, `publishing_id`, `genre_id`, `book_type_id`, `created_at`, `updated_at`) VALUES (2, 'Customizable mobile help-desk', 2, 2, 2, 2, '1984-08-17 20:17:55', '2017-07-27 12:40:15');
INSERT INTO `books` (`id`, `title`, `author_id`, `publishing_id`, `genre_id`, `book_type_id`, `created_at`, `updated_at`) VALUES (3, 'Persistent intermediate installation', 3, 3, 3, 3, '2005-08-20 13:02:54', '1973-04-22 11:11:01');
INSERT INTO `books` (`id`, `title`, `author_id`, `publishing_id`, `genre_id`, `book_type_id`, `created_at`, `updated_at`) VALUES (4, 'Down-sized optimizing hierarchy', 4, 4, 1, 1, '1990-08-27 18:38:01', '2007-12-29 09:23:56');
INSERT INTO `books` (`id`, `title`, `author_id`, `publishing_id`, `genre_id`, `book_type_id`, `created_at`, `updated_at`) VALUES (5, 'Advanced systematic GraphicalUserInterface', 5, 1, 2, 2, '1979-07-03 03:48:10', '2018-06-18 05:06:14');
INSERT INTO `books` (`id`, `title`, `author_id`, `publishing_id`, `genre_id`, `book_type_id`, `created_at`, `updated_at`) VALUES (6, 'Front-line hybrid methodology', 6, 2, 3, 3, '2007-09-06 10:07:06', '1997-03-31 19:38:33');
INSERT INTO `books` (`id`, `title`, `author_id`, `publishing_id`, `genre_id`, `book_type_id`, `created_at`, `updated_at`) VALUES (7, 'Reduced asynchronous processimprovement', 7, 3, 1, 1, '1978-02-22 17:50:34', '2002-12-26 16:29:45');
INSERT INTO `books` (`id`, `title`, `author_id`, `publishing_id`, `genre_id`, `book_type_id`, `created_at`, `updated_at`) VALUES (8, 'Horizontal non-volatile encoding', 8, 4, 2, 2, '2009-01-25 22:28:30', '1992-09-12 05:56:24');
INSERT INTO `books` (`id`, `title`, `author_id`, `publishing_id`, `genre_id`, `book_type_id`, `created_at`, `updated_at`) VALUES (9, 'Enhanced homogeneous project', 9, 1, 3, 3, '1993-02-20 18:29:35', '1991-05-26 19:26:42');
INSERT INTO `books` (`id`, `title`, `author_id`, `publishing_id`, `genre_id`, `book_type_id`, `created_at`, `updated_at`) VALUES (10, 'Synchronised needs-based neural-net', 10, 2, 1, 1, '2019-10-03 06:58:36', '1990-05-13 18:56:45');
INSERT INTO `books` (`id`, `title`, `author_id`, `publishing_id`, `genre_id`, `book_type_id`, `created_at`, `updated_at`) VALUES (11, 'Synergistic didactic intranet', 11, 3, 2, 2, '1999-10-19 21:40:27', '1972-09-16 10:39:23');
INSERT INTO `books` (`id`, `title`, `author_id`, `publishing_id`, `genre_id`, `book_type_id`, `created_at`, `updated_at`) VALUES (12, 'Enterprise-wide transitional conglomeration', 12, 4, 3, 3, '2019-10-31 10:45:19', '1981-07-15 20:13:43');
INSERT INTO `books` (`id`, `title`, `author_id`, `publishing_id`, `genre_id`, `book_type_id`, `created_at`, `updated_at`) VALUES (13, 'Configurable logistical interface', 13, 1, 1, 1, '1977-03-17 21:43:12', '1990-02-24 03:27:29');
INSERT INTO `books` (`id`, `title`, `author_id`, `publishing_id`, `genre_id`, `book_type_id`, `created_at`, `updated_at`) VALUES (14, 'Right-sized optimizing success', 14, 2, 2, 2, '1970-09-02 23:48:25', '2014-01-12 18:12:55');
INSERT INTO `books` (`id`, `title`, `author_id`, `publishing_id`, `genre_id`, `book_type_id`, `created_at`, `updated_at`) VALUES (15, 'Multi-lateral holistic contingency', 15, 3, 3, 3, '1998-11-26 06:30:12', '2001-03-21 14:28:21');
INSERT INTO `books` (`id`, `title`, `author_id`, `publishing_id`, `genre_id`, `book_type_id`, `created_at`, `updated_at`) VALUES (16, 'Versatile even-keeled website', 16, 4, 1, 1, '1991-09-16 00:57:30', '1996-06-12 21:31:19');
INSERT INTO `books` (`id`, `title`, `author_id`, `publishing_id`, `genre_id`, `book_type_id`, `created_at`, `updated_at`) VALUES (17, 'Fundamental logistical internetsolution', 17, 1, 2, 2, '1973-05-19 11:02:22', '1990-08-25 15:33:35');
INSERT INTO `books` (`id`, `title`, `author_id`, `publishing_id`, `genre_id`, `book_type_id`, `created_at`, `updated_at`) VALUES (18, 'Cross-group multimedia superstructure', 18, 2, 3, 3, '2013-12-17 15:32:20', '1993-03-13 21:58:31');
INSERT INTO `books` (`id`, `title`, `author_id`, `publishing_id`, `genre_id`, `book_type_id`, `created_at`, `updated_at`) VALUES (19, 'Networked uniform methodology', 19, 3, 1, 1, '2009-12-20 22:19:06', '2014-01-11 08:39:21');
INSERT INTO `books` (`id`, `title`, `author_id`, `publishing_id`, `genre_id`, `book_type_id`, `created_at`, `updated_at`) VALUES (20, 'Devolved multi-tasking customerloyalty', 20, 4, 2, 2, '2008-07-29 14:06:21', '2016-08-01 18:59:37');
INSERT INTO `books` (`id`, `title`, `author_id`, `publishing_id`, `genre_id`, `book_type_id`, `created_at`, `updated_at`) VALUES (21, 'Cross-platform motivating access', 21, 1, 3, 3, '1995-04-01 11:40:13', '1986-05-15 07:42:33');
INSERT INTO `books` (`id`, `title`, `author_id`, `publishing_id`, `genre_id`, `book_type_id`, `created_at`, `updated_at`) VALUES (22, 'Universal intangible workforce', 22, 2, 1, 1, '1995-12-14 07:05:37', '1990-04-23 03:35:58');
INSERT INTO `books` (`id`, `title`, `author_id`, `publishing_id`, `genre_id`, `book_type_id`, `created_at`, `updated_at`) VALUES (23, 'Compatible client-driven implementation', 23, 3, 2, 2, '2004-01-30 02:32:05', '2007-03-04 15:38:38');
INSERT INTO `books` (`id`, `title`, `author_id`, `publishing_id`, `genre_id`, `book_type_id`, `created_at`, `updated_at`) VALUES (24, 'Vision-oriented nextgeneration conglomeration', 24, 4, 3, 3, '1984-01-23 00:37:20', '1987-07-18 14:19:27');
INSERT INTO `books` (`id`, `title`, `author_id`, `publishing_id`, `genre_id`, `book_type_id`, `created_at`, `updated_at`) VALUES (25, 'Extended regional database', 25, 1, 1, 1, '2001-10-27 21:54:31', '1978-10-06 21:30:55');
INSERT INTO `books` (`id`, `title`, `author_id`, `publishing_id`, `genre_id`, `book_type_id`, `created_at`, `updated_at`) VALUES (26, 'Monitored disintermediate processimprovement', 26, 2, 2, 2, '1974-05-13 08:29:36', '1984-07-19 23:11:11');
INSERT INTO `books` (`id`, `title`, `author_id`, `publishing_id`, `genre_id`, `book_type_id`, `created_at`, `updated_at`) VALUES (27, 'Self-enabling object-oriented info-mediaries', 27, 3, 3, 3, '1981-11-05 17:36:05', '1986-02-09 07:35:24');
INSERT INTO `books` (`id`, `title`, `author_id`, `publishing_id`, `genre_id`, `book_type_id`, `created_at`, `updated_at`) VALUES (28, 'Exclusive contextually-based productivity', 28, 4, 1, 1, '2016-03-04 02:27:20', '2012-03-18 13:37:41');
INSERT INTO `books` (`id`, `title`, `author_id`, `publishing_id`, `genre_id`, `book_type_id`, `created_at`, `updated_at`) VALUES (29, 'Robust zerodefect localareanetwork', 29, 1, 2, 2, '2012-03-30 05:48:03', '1980-10-24 11:11:08');
INSERT INTO `books` (`id`, `title`, `author_id`, `publishing_id`, `genre_id`, `book_type_id`, `created_at`, `updated_at`) VALUES (30, 'Organic encompassing forecast', 30, 2, 3, 3, '1970-01-15 00:30:28', '2018-06-11 08:01:26');
INSERT INTO `books` (`id`, `title`, `author_id`, `publishing_id`, `genre_id`, `book_type_id`, `created_at`, `updated_at`) VALUES (31, 'Focused intangible securedline', 31, 3, 1, 1, '1978-05-23 05:34:20', '2010-10-29 05:00:49');
INSERT INTO `books` (`id`, `title`, `author_id`, `publishing_id`, `genre_id`, `book_type_id`, `created_at`, `updated_at`) VALUES (32, 'Proactive local orchestration', 32, 4, 2, 2, '1971-11-06 10:36:40', '2003-04-13 19:02:43');
INSERT INTO `books` (`id`, `title`, `author_id`, `publishing_id`, `genre_id`, `book_type_id`, `created_at`, `updated_at`) VALUES (33, 'Focused executive methodology', 33, 1, 3, 3, '2016-08-31 12:00:04', '2016-01-11 05:10:22');
INSERT INTO `books` (`id`, `title`, `author_id`, `publishing_id`, `genre_id`, `book_type_id`, `created_at`, `updated_at`) VALUES (34, 'Pre-emptive 24hour focusgroup', 34, 2, 1, 1, '1973-09-21 04:24:46', '1986-05-19 15:48:03');
INSERT INTO `books` (`id`, `title`, `author_id`, `publishing_id`, `genre_id`, `book_type_id`, `created_at`, `updated_at`) VALUES (35, 'Vision-oriented bi-directional functionalities', 35, 3, 2, 2, '2015-04-08 04:19:57', '1990-04-14 23:53:35');
INSERT INTO `books` (`id`, `title`, `author_id`, `publishing_id`, `genre_id`, `book_type_id`, `created_at`, `updated_at`) VALUES (36, 'Total client-server forecast', 36, 4, 3, 3, '1971-06-20 20:00:31', '1998-03-26 00:30:52');
INSERT INTO `books` (`id`, `title`, `author_id`, `publishing_id`, `genre_id`, `book_type_id`, `created_at`, `updated_at`) VALUES (37, 'Integrated 4thgeneration data-warehouse', 37, 1, 1, 1, '2015-09-24 11:14:31', '1980-05-27 19:33:33');
INSERT INTO `books` (`id`, `title`, `author_id`, `publishing_id`, `genre_id`, `book_type_id`, `created_at`, `updated_at`) VALUES (38, 'Streamlined well-modulated matrix', 38, 2, 2, 2, '1970-07-27 18:21:13', '2004-04-03 02:26:16');
INSERT INTO `books` (`id`, `title`, `author_id`, `publishing_id`, `genre_id`, `book_type_id`, `created_at`, `updated_at`) VALUES (39, 'Realigned uniform capability', 39, 3, 3, 3, '1975-12-10 05:46:35', '1986-05-01 13:55:09');
INSERT INTO `books` (`id`, `title`, `author_id`, `publishing_id`, `genre_id`, `book_type_id`, `created_at`, `updated_at`) VALUES (40, 'Secured responsive access', 40, 4, 1, 1, '2001-06-29 22:55:18', '2016-12-10 18:30:02');
INSERT INTO `books` (`id`, `title`, `author_id`, `publishing_id`, `genre_id`, `book_type_id`, `created_at`, `updated_at`) VALUES (41, 'Ergonomic content-based architecture', 41, 1, 2, 2, '2018-04-11 23:39:22', '1983-03-11 06:13:56');
INSERT INTO `books` (`id`, `title`, `author_id`, `publishing_id`, `genre_id`, `book_type_id`, `created_at`, `updated_at`) VALUES (42, 'Multi-lateral global conglomeration', 42, 2, 3, 3, '1995-02-11 16:17:51', '2018-07-21 18:51:33');
INSERT INTO `books` (`id`, `title`, `author_id`, `publishing_id`, `genre_id`, `book_type_id`, `created_at`, `updated_at`) VALUES (43, 'Customer-focused mission-critical synergy', 43, 3, 1, 1, '2015-11-20 21:06:49', '2000-11-07 21:04:46');
INSERT INTO `books` (`id`, `title`, `author_id`, `publishing_id`, `genre_id`, `book_type_id`, `created_at`, `updated_at`) VALUES (44, 'Re-contextualized zerotolerance approach', 44, 4, 2, 2, '2002-03-03 10:41:14', '1998-11-01 03:00:22');
INSERT INTO `books` (`id`, `title`, `author_id`, `publishing_id`, `genre_id`, `book_type_id`, `created_at`, `updated_at`) VALUES (45, 'Devolved mobile openarchitecture', 45, 1, 3, 3, '2018-04-16 23:51:12', '1998-08-26 01:31:30');
INSERT INTO `books` (`id`, `title`, `author_id`, `publishing_id`, `genre_id`, `book_type_id`, `created_at`, `updated_at`) VALUES (46, 'Digitized well-modulated website', 46, 2, 1, 1, '1990-06-09 13:56:39', '2000-07-24 19:12:38');
INSERT INTO `books` (`id`, `title`, `author_id`, `publishing_id`, `genre_id`, `book_type_id`, `created_at`, `updated_at`) VALUES (47, 'Reduced global analyzer', 47, 3, 2, 2, '2003-04-24 19:19:20', '2014-02-15 14:38:32');
INSERT INTO `books` (`id`, `title`, `author_id`, `publishing_id`, `genre_id`, `book_type_id`, `created_at`, `updated_at`) VALUES (48, 'Customer-focused non-volatile matrix', 48, 4, 3, 3, '2006-08-25 14:22:42', '1970-08-08 01:32:33');
INSERT INTO `books` (`id`, `title`, `author_id`, `publishing_id`, `genre_id`, `book_type_id`, `created_at`, `updated_at`) VALUES (49, 'Right-sized 4thgeneration methodology', 49, 1, 1, 1, '2007-07-06 07:10:12', '1980-08-06 00:08:43');
INSERT INTO `books` (`id`, `title`, `author_id`, `publishing_id`, `genre_id`, `book_type_id`, `created_at`, `updated_at`) VALUES (50, 'Fundamental attitude-oriented interface', 50, 2, 2, 2, '1987-01-26 08:36:26', '2016-10-16 10:48:10');
INSERT INTO `books` (`id`, `title`, `author_id`, `publishing_id`, `genre_id`, `book_type_id`, `created_at`, `updated_at`) VALUES (51, 'Exclusive bifurcated forecast', 1, 3, 3, 3, '2000-10-29 22:04:33', '1980-05-09 22:12:43');
INSERT INTO `books` (`id`, `title`, `author_id`, `publishing_id`, `genre_id`, `book_type_id`, `created_at`, `updated_at`) VALUES (52, 'Fully-configurable asynchronous architecture', 2, 4, 1, 1, '1973-02-21 07:04:05', '1988-03-06 21:22:38');
INSERT INTO `books` (`id`, `title`, `author_id`, `publishing_id`, `genre_id`, `book_type_id`, `created_at`, `updated_at`) VALUES (53, 'Cross-platform empowering pricingstructure', 3, 1, 2, 2, '1991-09-26 16:11:52', '1986-04-12 12:44:42');
INSERT INTO `books` (`id`, `title`, `author_id`, `publishing_id`, `genre_id`, `book_type_id`, `created_at`, `updated_at`) VALUES (54, 'Future-proofed radical extranet', 4, 2, 3, 3, '2003-06-09 14:09:46', '1977-06-08 17:49:18');
INSERT INTO `books` (`id`, `title`, `author_id`, `publishing_id`, `genre_id`, `book_type_id`, `created_at`, `updated_at`) VALUES (55, 'Networked bottom-line focusgroup', 5, 3, 1, 1, '1997-12-17 15:31:26', '1974-06-26 21:36:07');
INSERT INTO `books` (`id`, `title`, `author_id`, `publishing_id`, `genre_id`, `book_type_id`, `created_at`, `updated_at`) VALUES (56, 'Ameliorated motivating opensystem', 6, 4, 2, 2, '2005-04-04 07:56:27', '1974-07-24 03:46:56');
INSERT INTO `books` (`id`, `title`, `author_id`, `publishing_id`, `genre_id`, `book_type_id`, `created_at`, `updated_at`) VALUES (57, 'User-friendly 6thgeneration matrix', 7, 1, 3, 3, '2013-09-24 08:38:08', '2014-09-30 18:32:39');
INSERT INTO `books` (`id`, `title`, `author_id`, `publishing_id`, `genre_id`, `book_type_id`, `created_at`, `updated_at`) VALUES (58, 'Re-contextualized exuding focusgroup', 8, 2, 1, 1, '2020-09-27 09:25:14', '1974-12-02 08:25:56');
INSERT INTO `books` (`id`, `title`, `author_id`, `publishing_id`, `genre_id`, `book_type_id`, `created_at`, `updated_at`) VALUES (59, 'Advanced mobile firmware', 9, 3, 2, 2, '2017-01-11 01:08:22', '2019-07-15 01:17:08');
INSERT INTO `books` (`id`, `title`, `author_id`, `publishing_id`, `genre_id`, `book_type_id`, `created_at`, `updated_at`) VALUES (60, 'Cross-group 24hour parallelism', 10, 4, 3, 3, '1994-12-12 20:47:28', '2020-06-20 03:46:33');
INSERT INTO `books` (`id`, `title`, `author_id`, `publishing_id`, `genre_id`, `book_type_id`, `created_at`, `updated_at`) VALUES (61, 'Stand-alone interactive application', 11, 1, 1, 1, '1982-01-27 09:33:53', '1986-03-03 15:25:40');
INSERT INTO `books` (`id`, `title`, `author_id`, `publishing_id`, `genre_id`, `book_type_id`, `created_at`, `updated_at`) VALUES (62, 'Intuitive optimizing infrastructure', 12, 2, 2, 2, '2013-08-22 06:38:34', '2013-11-05 17:02:39');
INSERT INTO `books` (`id`, `title`, `author_id`, `publishing_id`, `genre_id`, `book_type_id`, `created_at`, `updated_at`) VALUES (63, 'Polarised fault-tolerant middleware', 13, 3, 3, 3, '2012-07-04 05:20:38', '1975-08-31 15:29:51');
INSERT INTO `books` (`id`, `title`, `author_id`, `publishing_id`, `genre_id`, `book_type_id`, `created_at`, `updated_at`) VALUES (64, 'Open-architected clear-thinking hardware', 14, 4, 1, 1, '1991-10-15 13:25:20', '1976-03-29 07:06:33');
INSERT INTO `books` (`id`, `title`, `author_id`, `publishing_id`, `genre_id`, `book_type_id`, `created_at`, `updated_at`) VALUES (65, 'Grass-roots coherent securedline', 15, 1, 2, 2, '1978-09-18 23:09:07', '1991-11-12 11:10:48');
INSERT INTO `books` (`id`, `title`, `author_id`, `publishing_id`, `genre_id`, `book_type_id`, `created_at`, `updated_at`) VALUES (66, 'Realigned object-oriented hardware', 16, 2, 3, 3, '2018-01-14 05:26:51', '1980-10-09 01:21:29');
INSERT INTO `books` (`id`, `title`, `author_id`, `publishing_id`, `genre_id`, `book_type_id`, `created_at`, `updated_at`) VALUES (67, 'Optional non-volatile processimprovement', 17, 3, 1, 1, '2002-08-31 07:46:34', '1985-08-25 00:17:32');
INSERT INTO `books` (`id`, `title`, `author_id`, `publishing_id`, `genre_id`, `book_type_id`, `created_at`, `updated_at`) VALUES (68, 'Horizontal non-volatile encryption', 18, 4, 2, 2, '1987-10-29 14:00:22', '1974-05-22 05:35:30');
INSERT INTO `books` (`id`, `title`, `author_id`, `publishing_id`, `genre_id`, `book_type_id`, `created_at`, `updated_at`) VALUES (69, 'Down-sized 4thgeneration budgetarymanagement', 19, 1, 3, 3, '1973-02-23 18:06:08', '2008-01-08 18:55:35');
INSERT INTO `books` (`id`, `title`, `author_id`, `publishing_id`, `genre_id`, `book_type_id`, `created_at`, `updated_at`) VALUES (70, 'Self-enabling tangible complexity', 20, 2, 1, 1, '2001-11-20 14:10:50', '1997-10-23 07:09:52');
INSERT INTO `books` (`id`, `title`, `author_id`, `publishing_id`, `genre_id`, `book_type_id`, `created_at`, `updated_at`) VALUES (71, 'Polarised bifurcated securedline', 21, 3, 2, 2, '1982-04-26 18:19:25', '2007-04-24 22:53:21');
INSERT INTO `books` (`id`, `title`, `author_id`, `publishing_id`, `genre_id`, `book_type_id`, `created_at`, `updated_at`) VALUES (72, 'Digitized scalable task-force', 22, 4, 3, 3, '2001-10-10 18:00:01', '1976-03-19 18:08:36');
INSERT INTO `books` (`id`, `title`, `author_id`, `publishing_id`, `genre_id`, `book_type_id`, `created_at`, `updated_at`) VALUES (73, 'Assimilated composite definition', 23, 1, 1, 1, '1996-02-11 11:34:00', '1990-01-23 03:20:24');
INSERT INTO `books` (`id`, `title`, `author_id`, `publishing_id`, `genre_id`, `book_type_id`, `created_at`, `updated_at`) VALUES (74, 'Configurable zerodefect neural-net', 24, 2, 2, 2, '2001-09-20 23:11:13', '1985-10-24 07:43:35');
INSERT INTO `books` (`id`, `title`, `author_id`, `publishing_id`, `genre_id`, `book_type_id`, `created_at`, `updated_at`) VALUES (75, 'Operative object-oriented capability', 25, 3, 3, 3, '1971-09-09 11:42:01', '1998-12-14 19:47:15');
INSERT INTO `books` (`id`, `title`, `author_id`, `publishing_id`, `genre_id`, `book_type_id`, `created_at`, `updated_at`) VALUES (76, 'Optional motivating GraphicalUserInterface', 26, 4, 1, 1, '2007-08-27 12:04:27', '1976-05-15 07:16:33');
INSERT INTO `books` (`id`, `title`, `author_id`, `publishing_id`, `genre_id`, `book_type_id`, `created_at`, `updated_at`) VALUES (77, 'Secured leadingedge complexity', 27, 1, 2, 2, '1987-09-01 08:30:17', '1991-10-10 14:14:52');
INSERT INTO `books` (`id`, `title`, `author_id`, `publishing_id`, `genre_id`, `book_type_id`, `created_at`, `updated_at`) VALUES (78, 'Polarised nextgeneration policy', 28, 2, 3, 3, '1998-06-18 18:20:41', '2011-07-26 19:57:17');
INSERT INTO `books` (`id`, `title`, `author_id`, `publishing_id`, `genre_id`, `book_type_id`, `created_at`, `updated_at`) VALUES (79, 'Business-focused foreground ability', 29, 3, 1, 1, '1999-07-28 11:14:32', '2006-09-28 11:30:49');
INSERT INTO `books` (`id`, `title`, `author_id`, `publishing_id`, `genre_id`, `book_type_id`, `created_at`, `updated_at`) VALUES (80, 'Self-enabling high-level methodology', 30, 4, 2, 2, '1974-05-19 18:17:54', '1984-07-16 17:16:27');
INSERT INTO `books` (`id`, `title`, `author_id`, `publishing_id`, `genre_id`, `book_type_id`, `created_at`, `updated_at`) VALUES (81, 'De-engineered non-volatile structure', 31, 1, 3, 3, '2020-01-24 19:13:11', '2009-04-18 13:28:51');
INSERT INTO `books` (`id`, `title`, `author_id`, `publishing_id`, `genre_id`, `book_type_id`, `created_at`, `updated_at`) VALUES (82, 'Decentralized reciprocal pricingstructure', 32, 2, 1, 1, '2014-02-19 10:43:04', '1982-11-16 01:58:40');
INSERT INTO `books` (`id`, `title`, `author_id`, `publishing_id`, `genre_id`, `book_type_id`, `created_at`, `updated_at`) VALUES (83, 'Balanced methodical openarchitecture', 33, 3, 2, 2, '1983-08-22 20:58:23', '2016-01-12 02:53:12');
INSERT INTO `books` (`id`, `title`, `author_id`, `publishing_id`, `genre_id`, `book_type_id`, `created_at`, `updated_at`) VALUES (84, 'Customer-focused didactic throughput', 34, 4, 3, 3, '2002-10-22 12:59:11', '1990-05-17 15:20:04');
INSERT INTO `books` (`id`, `title`, `author_id`, `publishing_id`, `genre_id`, `book_type_id`, `created_at`, `updated_at`) VALUES (85, 'Front-line secondary budgetarymanagement', 35, 1, 1, 1, '2019-07-17 08:11:31', '1997-11-14 02:17:36');
INSERT INTO `books` (`id`, `title`, `author_id`, `publishing_id`, `genre_id`, `book_type_id`, `created_at`, `updated_at`) VALUES (86, 'Multi-lateral systematic infrastructure', 36, 2, 2, 2, '1973-06-24 08:02:13', '1994-01-02 15:19:22');
INSERT INTO `books` (`id`, `title`, `author_id`, `publishing_id`, `genre_id`, `book_type_id`, `created_at`, `updated_at`) VALUES (87, 'Multi-tiered mobile concept', 37, 3, 3, 3, '2008-10-04 09:54:51', '1999-07-23 10:18:42');
INSERT INTO `books` (`id`, `title`, `author_id`, `publishing_id`, `genre_id`, `book_type_id`, `created_at`, `updated_at`) VALUES (88, 'Customizable dynamic infrastructure', 38, 4, 1, 1, '1977-08-07 14:42:19', '2011-09-11 12:44:24');
INSERT INTO `books` (`id`, `title`, `author_id`, `publishing_id`, `genre_id`, `book_type_id`, `created_at`, `updated_at`) VALUES (89, 'Assimilated needs-based portal', 39, 1, 2, 2, '2019-03-04 08:19:36', '1990-03-03 15:02:38');
INSERT INTO `books` (`id`, `title`, `author_id`, `publishing_id`, `genre_id`, `book_type_id`, `created_at`, `updated_at`) VALUES (90, 'Secured human-resource access', 40, 2, 3, 3, '1991-01-06 07:49:40', '2019-07-16 11:06:14');
INSERT INTO `books` (`id`, `title`, `author_id`, `publishing_id`, `genre_id`, `book_type_id`, `created_at`, `updated_at`) VALUES (91, 'Inverse actuating analyzer', 41, 3, 1, 1, '1978-02-08 10:35:31', '1995-04-20 01:10:50');
INSERT INTO `books` (`id`, `title`, `author_id`, `publishing_id`, `genre_id`, `book_type_id`, `created_at`, `updated_at`) VALUES (92, 'Front-line leadingedge architecture', 42, 4, 2, 2, '1988-07-04 12:37:03', '1990-03-15 05:32:26');
INSERT INTO `books` (`id`, `title`, `author_id`, `publishing_id`, `genre_id`, `book_type_id`, `created_at`, `updated_at`) VALUES (93, 'Persevering real-time forecast', 43, 1, 3, 3, '1991-08-17 07:33:24', '2005-05-01 18:41:04');
INSERT INTO `books` (`id`, `title`, `author_id`, `publishing_id`, `genre_id`, `book_type_id`, `created_at`, `updated_at`) VALUES (94, 'Fundamental impactful neural-net', 44, 2, 1, 1, '1975-06-29 19:53:57', '1974-09-18 21:39:46');
INSERT INTO `books` (`id`, `title`, `author_id`, `publishing_id`, `genre_id`, `book_type_id`, `created_at`, `updated_at`) VALUES (95, 'Intuitive systemic extranet', 45, 3, 2, 2, '1997-12-14 17:07:57', '1970-04-05 22:49:52');
INSERT INTO `books` (`id`, `title`, `author_id`, `publishing_id`, `genre_id`, `book_type_id`, `created_at`, `updated_at`) VALUES (96, 'Cloned global firmware', 46, 4, 3, 3, '1995-11-12 01:14:39', '1972-07-06 16:01:15');
INSERT INTO `books` (`id`, `title`, `author_id`, `publishing_id`, `genre_id`, `book_type_id`, `created_at`, `updated_at`) VALUES (97, 'Configurable asynchronous GraphicalUserInterface', 47, 1, 1, 1, '1994-09-14 19:46:09', '2017-06-16 03:48:20');
INSERT INTO `books` (`id`, `title`, `author_id`, `publishing_id`, `genre_id`, `book_type_id`, `created_at`, `updated_at`) VALUES (98, 'Universal assymetric policy', 48, 2, 2, 2, '2009-09-17 08:21:59', '1974-06-17 20:26:14');
INSERT INTO `books` (`id`, `title`, `author_id`, `publishing_id`, `genre_id`, `book_type_id`, `created_at`, `updated_at`) VALUES (99, 'Networked radical installation', 49, 3, 3, 3, '2020-11-13 11:50:42', '2009-03-18 09:17:36');
INSERT INTO `books` (`id`, `title`, `author_id`, `publishing_id`, `genre_id`, `book_type_id`, `created_at`, `updated_at`) VALUES (100, 'Compatible dynamic throughput', 50, 4, 1, 1, '2016-12-07 13:19:26', '2018-07-30 00:34:05');


-- likes


INSERT INTO `likes` (`id`, `user_id`, `book_id`, `like_type`, `created_at`, `updated_at`) VALUES (1, 1, 1, 1, '1982-02-17 01:45:04', '1977-12-13 21:16:44');
INSERT INTO `likes` (`id`, `user_id`, `book_id`, `like_type`, `created_at`, `updated_at`) VALUES (2, 2, 2, 1, '1988-09-06 01:29:21', '1979-08-05 01:20:42');
INSERT INTO `likes` (`id`, `user_id`, `book_id`, `like_type`, `created_at`, `updated_at`) VALUES (3, 3, 3, 1, '1992-09-30 14:20:10', '1979-10-16 10:56:10');
INSERT INTO `likes` (`id`, `user_id`, `book_id`, `like_type`, `created_at`, `updated_at`) VALUES (4, 4, 4, 0, '1986-03-19 16:41:35', '1993-03-30 09:22:12');
INSERT INTO `likes` (`id`, `user_id`, `book_id`, `like_type`, `created_at`, `updated_at`) VALUES (5, 5, 5, 0, '1996-05-28 12:19:15', '1978-07-04 22:15:51');
INSERT INTO `likes` (`id`, `user_id`, `book_id`, `like_type`, `created_at`, `updated_at`) VALUES (6, 6, 6, 0, '2005-12-18 14:27:02', '1975-05-19 21:57:31');
INSERT INTO `likes` (`id`, `user_id`, `book_id`, `like_type`, `created_at`, `updated_at`) VALUES (7, 7, 7, 1, '1992-10-15 20:08:13', '1989-10-14 11:02:59');
INSERT INTO `likes` (`id`, `user_id`, `book_id`, `like_type`, `created_at`, `updated_at`) VALUES (8, 8, 8, 0, '1998-05-27 23:31:09', '1997-12-13 13:19:46');
INSERT INTO `likes` (`id`, `user_id`, `book_id`, `like_type`, `created_at`, `updated_at`) VALUES (9, 9, 9, 1, '1976-10-12 18:14:48', '1987-12-17 17:31:42');
INSERT INTO `likes` (`id`, `user_id`, `book_id`, `like_type`, `created_at`, `updated_at`) VALUES (10, 10, 10, 1, '2000-12-31 03:40:41', '1998-07-28 02:04:39');
INSERT INTO `likes` (`id`, `user_id`, `book_id`, `like_type`, `created_at`, `updated_at`) VALUES (11, 11, 11, 1, '2016-11-07 17:06:06', '2012-01-12 22:07:31');
INSERT INTO `likes` (`id`, `user_id`, `book_id`, `like_type`, `created_at`, `updated_at`) VALUES (12, 12, 12, 0, '2006-09-14 09:56:25', '1970-09-22 13:26:16');
INSERT INTO `likes` (`id`, `user_id`, `book_id`, `like_type`, `created_at`, `updated_at`) VALUES (13, 13, 13, 0, '2006-01-04 13:40:33', '1996-01-11 13:12:23');
INSERT INTO `likes` (`id`, `user_id`, `book_id`, `like_type`, `created_at`, `updated_at`) VALUES (14, 14, 14, 0, '1972-12-06 01:33:59', '2016-05-27 07:16:05');
INSERT INTO `likes` (`id`, `user_id`, `book_id`, `like_type`, `created_at`, `updated_at`) VALUES (15, 15, 15, 1, '1991-07-30 02:42:54', '1975-09-11 20:58:42');
INSERT INTO `likes` (`id`, `user_id`, `book_id`, `like_type`, `created_at`, `updated_at`) VALUES (16, 16, 16, 0, '1983-11-20 04:34:27', '1992-08-10 19:18:20');
INSERT INTO `likes` (`id`, `user_id`, `book_id`, `like_type`, `created_at`, `updated_at`) VALUES (17, 17, 17, 1, '2019-08-16 22:52:30', '1976-10-30 05:03:39');
INSERT INTO `likes` (`id`, `user_id`, `book_id`, `like_type`, `created_at`, `updated_at`) VALUES (18, 18, 18, 0, '2004-03-03 00:34:14', '2017-04-04 12:32:56');
INSERT INTO `likes` (`id`, `user_id`, `book_id`, `like_type`, `created_at`, `updated_at`) VALUES (19, 19, 19, 1, '1998-12-14 03:58:08', '1999-09-07 13:34:06');
INSERT INTO `likes` (`id`, `user_id`, `book_id`, `like_type`, `created_at`, `updated_at`) VALUES (20, 20, 20, 1, '2020-03-20 22:22:06', '2014-05-26 04:45:08');
INSERT INTO `likes` (`id`, `user_id`, `book_id`, `like_type`, `created_at`, `updated_at`) VALUES (21, 1, 21, 1, '1995-03-03 16:34:01', '2002-11-17 13:39:50');
INSERT INTO `likes` (`id`, `user_id`, `book_id`, `like_type`, `created_at`, `updated_at`) VALUES (22, 2, 22, 0, '2009-08-03 21:47:18', '2012-05-30 13:56:26');
INSERT INTO `likes` (`id`, `user_id`, `book_id`, `like_type`, `created_at`, `updated_at`) VALUES (23, 3, 23, 1, '2005-05-12 22:54:53', '1976-10-14 06:28:21');
INSERT INTO `likes` (`id`, `user_id`, `book_id`, `like_type`, `created_at`, `updated_at`) VALUES (24, 4, 24, 1, '1997-08-03 13:30:47', '2000-08-25 01:52:12');
INSERT INTO `likes` (`id`, `user_id`, `book_id`, `like_type`, `created_at`, `updated_at`) VALUES (25, 5, 25, 0, '2001-11-01 14:57:57', '2017-03-18 14:20:20');
INSERT INTO `likes` (`id`, `user_id`, `book_id`, `like_type`, `created_at`, `updated_at`) VALUES (26, 6, 26, 0, '2007-10-14 11:31:34', '1977-07-16 05:28:51');
INSERT INTO `likes` (`id`, `user_id`, `book_id`, `like_type`, `created_at`, `updated_at`) VALUES (27, 7, 27, 1, '1980-06-05 07:43:15', '2011-07-24 04:36:00');
INSERT INTO `likes` (`id`, `user_id`, `book_id`, `like_type`, `created_at`, `updated_at`) VALUES (28, 8, 28, 1, '1971-08-14 17:30:13', '1997-06-14 00:20:45');
INSERT INTO `likes` (`id`, `user_id`, `book_id`, `like_type`, `created_at`, `updated_at`) VALUES (29, 9, 29, 0, '1980-09-20 23:04:01', '2008-07-01 16:13:17');
INSERT INTO `likes` (`id`, `user_id`, `book_id`, `like_type`, `created_at`, `updated_at`) VALUES (30, 10, 30, 1, '2020-04-19 03:06:27', '1989-03-31 21:23:22');
INSERT INTO `likes` (`id`, `user_id`, `book_id`, `like_type`, `created_at`, `updated_at`) VALUES (31, 11, 31, 0, '2019-12-13 02:09:07', '2015-05-31 18:40:15');
INSERT INTO `likes` (`id`, `user_id`, `book_id`, `like_type`, `created_at`, `updated_at`) VALUES (32, 12, 32, 0, '1989-07-02 00:46:18', '1993-07-23 23:51:38');
INSERT INTO `likes` (`id`, `user_id`, `book_id`, `like_type`, `created_at`, `updated_at`) VALUES (33, 13, 33, 0, '2010-08-01 20:33:44', '2010-05-02 19:32:26');
INSERT INTO `likes` (`id`, `user_id`, `book_id`, `like_type`, `created_at`, `updated_at`) VALUES (34, 14, 34, 0, '1999-10-19 11:15:29', '1993-04-23 19:08:52');
INSERT INTO `likes` (`id`, `user_id`, `book_id`, `like_type`, `created_at`, `updated_at`) VALUES (35, 15, 35, 1, '2002-12-01 09:53:53', '2005-01-23 13:27:38');
INSERT INTO `likes` (`id`, `user_id`, `book_id`, `like_type`, `created_at`, `updated_at`) VALUES (36, 16, 36, 0, '1997-09-19 14:38:44', '1990-03-21 20:51:44');
INSERT INTO `likes` (`id`, `user_id`, `book_id`, `like_type`, `created_at`, `updated_at`) VALUES (37, 17, 37, 0, '1972-04-12 03:15:18', '1988-12-27 07:43:35');
INSERT INTO `likes` (`id`, `user_id`, `book_id`, `like_type`, `created_at`, `updated_at`) VALUES (38, 18, 38, 1, '1991-09-29 19:40:27', '2011-08-01 17:31:55');
INSERT INTO `likes` (`id`, `user_id`, `book_id`, `like_type`, `created_at`, `updated_at`) VALUES (39, 19, 39, 1, '2008-08-03 11:39:10', '1994-05-07 18:15:08');
INSERT INTO `likes` (`id`, `user_id`, `book_id`, `like_type`, `created_at`, `updated_at`) VALUES (40, 20, 40, 1, '2014-12-18 13:59:19', '2018-02-17 19:47:33');
INSERT INTO `likes` (`id`, `user_id`, `book_id`, `like_type`, `created_at`, `updated_at`) VALUES (41, 1, 41, 1, '2014-01-26 02:53:25', '2003-06-22 06:10:17');
INSERT INTO `likes` (`id`, `user_id`, `book_id`, `like_type`, `created_at`, `updated_at`) VALUES (42, 2, 42, 1, '1979-02-10 21:01:21', '1974-08-02 22:28:55');
INSERT INTO `likes` (`id`, `user_id`, `book_id`, `like_type`, `created_at`, `updated_at`) VALUES (43, 3, 43, 0, '1971-10-06 20:41:47', '1991-11-01 12:06:30');
INSERT INTO `likes` (`id`, `user_id`, `book_id`, `like_type`, `created_at`, `updated_at`) VALUES (44, 4, 44, 0, '1996-06-14 00:05:10', '2006-12-03 01:21:47');
INSERT INTO `likes` (`id`, `user_id`, `book_id`, `like_type`, `created_at`, `updated_at`) VALUES (45, 5, 45, 1, '2019-04-13 05:07:53', '1995-12-15 23:13:47');
INSERT INTO `likes` (`id`, `user_id`, `book_id`, `like_type`, `created_at`, `updated_at`) VALUES (46, 6, 46, 1, '2002-08-30 18:16:11', '2004-09-18 01:37:56');
INSERT INTO `likes` (`id`, `user_id`, `book_id`, `like_type`, `created_at`, `updated_at`) VALUES (47, 7, 47, 0, '1971-01-02 10:27:53', '1975-08-26 19:23:23');
INSERT INTO `likes` (`id`, `user_id`, `book_id`, `like_type`, `created_at`, `updated_at`) VALUES (48, 8, 48, 0, '2009-06-13 13:34:03', '1991-06-28 13:11:52');
INSERT INTO `likes` (`id`, `user_id`, `book_id`, `like_type`, `created_at`, `updated_at`) VALUES (49, 9, 49, 0, '1975-10-17 08:31:51', '1981-02-04 14:31:07');
INSERT INTO `likes` (`id`, `user_id`, `book_id`, `like_type`, `created_at`, `updated_at`) VALUES (50, 10, 50, 0, '1991-01-02 17:48:17', '1978-09-04 05:45:22');
INSERT INTO `likes` (`id`, `user_id`, `book_id`, `like_type`, `created_at`, `updated_at`) VALUES (51, 11, 51, 0, '1977-03-11 03:04:10', '1987-04-27 23:36:44');
INSERT INTO `likes` (`id`, `user_id`, `book_id`, `like_type`, `created_at`, `updated_at`) VALUES (52, 12, 52, 1, '2004-02-22 13:44:14', '2013-05-24 14:02:53');
INSERT INTO `likes` (`id`, `user_id`, `book_id`, `like_type`, `created_at`, `updated_at`) VALUES (53, 13, 53, 1, '2016-08-14 09:18:17', '1970-05-29 12:33:27');
INSERT INTO `likes` (`id`, `user_id`, `book_id`, `like_type`, `created_at`, `updated_at`) VALUES (54, 14, 54, 1, '2020-11-12 11:55:32', '2002-06-06 01:27:37');
INSERT INTO `likes` (`id`, `user_id`, `book_id`, `like_type`, `created_at`, `updated_at`) VALUES (55, 15, 55, 0, '2005-02-12 13:09:18', '1970-09-29 14:06:05');
INSERT INTO `likes` (`id`, `user_id`, `book_id`, `like_type`, `created_at`, `updated_at`) VALUES (56, 16, 56, 1, '1998-12-24 08:22:34', '1994-08-13 00:22:21');
INSERT INTO `likes` (`id`, `user_id`, `book_id`, `like_type`, `created_at`, `updated_at`) VALUES (57, 17, 57, 1, '1972-02-29 11:58:09', '2015-03-20 15:16:57');
INSERT INTO `likes` (`id`, `user_id`, `book_id`, `like_type`, `created_at`, `updated_at`) VALUES (58, 18, 58, 1, '1998-06-08 18:19:43', '1985-06-01 13:27:04');
INSERT INTO `likes` (`id`, `user_id`, `book_id`, `like_type`, `created_at`, `updated_at`) VALUES (59, 19, 59, 0, '1989-09-29 00:34:23', '2017-04-16 20:55:09');
INSERT INTO `likes` (`id`, `user_id`, `book_id`, `like_type`, `created_at`, `updated_at`) VALUES (60, 20, 60, 1, '2011-10-24 10:10:12', '1970-05-05 17:29:54');
INSERT INTO `likes` (`id`, `user_id`, `book_id`, `like_type`, `created_at`, `updated_at`) VALUES (61, 1, 61, 1, '2017-01-17 00:10:33', '2019-11-17 01:44:42');
INSERT INTO `likes` (`id`, `user_id`, `book_id`, `like_type`, `created_at`, `updated_at`) VALUES (62, 2, 62, 0, '2005-09-15 01:20:12', '1988-08-30 01:34:33');
INSERT INTO `likes` (`id`, `user_id`, `book_id`, `like_type`, `created_at`, `updated_at`) VALUES (63, 3, 63, 0, '1975-02-06 23:25:47', '2004-07-13 14:10:44');
INSERT INTO `likes` (`id`, `user_id`, `book_id`, `like_type`, `created_at`, `updated_at`) VALUES (64, 4, 64, 0, '2020-07-07 22:13:15', '1984-11-10 11:40:17');
INSERT INTO `likes` (`id`, `user_id`, `book_id`, `like_type`, `created_at`, `updated_at`) VALUES (65, 5, 65, 1, '1988-09-01 20:01:36', '1972-03-19 07:21:17');
INSERT INTO `likes` (`id`, `user_id`, `book_id`, `like_type`, `created_at`, `updated_at`) VALUES (66, 6, 66, 1, '1992-10-07 02:29:55', '2011-07-09 02:50:57');
INSERT INTO `likes` (`id`, `user_id`, `book_id`, `like_type`, `created_at`, `updated_at`) VALUES (67, 7, 67, 1, '1990-03-19 17:59:30', '1985-07-31 17:20:30');
INSERT INTO `likes` (`id`, `user_id`, `book_id`, `like_type`, `created_at`, `updated_at`) VALUES (68, 8, 68, 0, '1994-12-09 11:28:15', '2000-08-13 09:18:37');
INSERT INTO `likes` (`id`, `user_id`, `book_id`, `like_type`, `created_at`, `updated_at`) VALUES (69, 9, 69, 0, '2015-05-24 01:08:36', '1987-03-09 22:25:23');
INSERT INTO `likes` (`id`, `user_id`, `book_id`, `like_type`, `created_at`, `updated_at`) VALUES (70, 10, 70, 1, '1991-01-30 12:11:14', '1971-07-16 15:45:28');
INSERT INTO `likes` (`id`, `user_id`, `book_id`, `like_type`, `created_at`, `updated_at`) VALUES (71, 11, 71, 0, '2008-11-21 18:28:31', '1974-04-21 12:38:26');
INSERT INTO `likes` (`id`, `user_id`, `book_id`, `like_type`, `created_at`, `updated_at`) VALUES (72, 12, 72, 1, '1979-05-30 04:00:29', '1973-05-28 14:30:53');
INSERT INTO `likes` (`id`, `user_id`, `book_id`, `like_type`, `created_at`, `updated_at`) VALUES (73, 13, 73, 1, '1972-12-16 17:49:57', '2016-03-08 20:04:08');
INSERT INTO `likes` (`id`, `user_id`, `book_id`, `like_type`, `created_at`, `updated_at`) VALUES (74, 14, 74, 0, '1991-07-30 03:55:03', '1994-01-06 08:56:12');
INSERT INTO `likes` (`id`, `user_id`, `book_id`, `like_type`, `created_at`, `updated_at`) VALUES (75, 15, 75, 1, '1999-08-11 02:24:07', '2000-04-26 02:06:53');
INSERT INTO `likes` (`id`, `user_id`, `book_id`, `like_type`, `created_at`, `updated_at`) VALUES (76, 16, 76, 0, '1994-09-28 06:39:27', '1999-09-08 18:07:12');
INSERT INTO `likes` (`id`, `user_id`, `book_id`, `like_type`, `created_at`, `updated_at`) VALUES (77, 17, 77, 1, '1985-08-08 18:23:10', '1999-03-25 11:41:54');
INSERT INTO `likes` (`id`, `user_id`, `book_id`, `like_type`, `created_at`, `updated_at`) VALUES (78, 18, 78, 0, '2006-10-11 12:13:56', '1990-04-20 04:22:38');
INSERT INTO `likes` (`id`, `user_id`, `book_id`, `like_type`, `created_at`, `updated_at`) VALUES (79, 19, 79, 0, '1999-05-15 12:57:53', '1997-03-05 00:01:05');
INSERT INTO `likes` (`id`, `user_id`, `book_id`, `like_type`, `created_at`, `updated_at`) VALUES (80, 20, 80, 0, '1994-12-23 23:38:57', '1999-07-02 18:18:51');
INSERT INTO `likes` (`id`, `user_id`, `book_id`, `like_type`, `created_at`, `updated_at`) VALUES (81, 1, 81, 1, '1995-09-04 14:04:07', '2000-06-12 13:27:26');
INSERT INTO `likes` (`id`, `user_id`, `book_id`, `like_type`, `created_at`, `updated_at`) VALUES (82, 2, 82, 0, '2014-08-06 19:03:26', '1987-05-23 22:44:15');
INSERT INTO `likes` (`id`, `user_id`, `book_id`, `like_type`, `created_at`, `updated_at`) VALUES (83, 3, 83, 0, '2015-09-02 21:45:17', '2004-04-19 09:55:55');
INSERT INTO `likes` (`id`, `user_id`, `book_id`, `like_type`, `created_at`, `updated_at`) VALUES (84, 4, 84, 1, '2010-03-29 10:52:38', '1971-01-29 13:50:59');
INSERT INTO `likes` (`id`, `user_id`, `book_id`, `like_type`, `created_at`, `updated_at`) VALUES (85, 5, 85, 0, '1985-09-17 10:32:42', '1975-10-27 11:12:57');
INSERT INTO `likes` (`id`, `user_id`, `book_id`, `like_type`, `created_at`, `updated_at`) VALUES (86, 6, 86, 1, '2013-02-09 00:59:31', '1975-11-06 08:16:39');
INSERT INTO `likes` (`id`, `user_id`, `book_id`, `like_type`, `created_at`, `updated_at`) VALUES (87, 7, 87, 0, '2021-04-10 02:56:10', '1989-05-08 15:43:00');
INSERT INTO `likes` (`id`, `user_id`, `book_id`, `like_type`, `created_at`, `updated_at`) VALUES (88, 8, 88, 1, '1983-08-26 15:33:12', '2012-06-30 19:35:41');
INSERT INTO `likes` (`id`, `user_id`, `book_id`, `like_type`, `created_at`, `updated_at`) VALUES (89, 9, 89, 1, '1984-04-03 20:49:24', '1996-02-13 11:00:49');
INSERT INTO `likes` (`id`, `user_id`, `book_id`, `like_type`, `created_at`, `updated_at`) VALUES (90, 10, 90, 1, '1976-02-12 10:22:48', '1989-05-03 08:10:00');
INSERT INTO `likes` (`id`, `user_id`, `book_id`, `like_type`, `created_at`, `updated_at`) VALUES (91, 11, 91, 0, '1990-02-11 03:59:12', '1996-09-15 06:28:04');
INSERT INTO `likes` (`id`, `user_id`, `book_id`, `like_type`, `created_at`, `updated_at`) VALUES (92, 12, 92, 0, '1994-03-11 07:22:06', '1981-09-19 05:04:49');
INSERT INTO `likes` (`id`, `user_id`, `book_id`, `like_type`, `created_at`, `updated_at`) VALUES (93, 13, 93, 0, '1971-08-14 10:31:45', '1976-02-03 20:30:20');
INSERT INTO `likes` (`id`, `user_id`, `book_id`, `like_type`, `created_at`, `updated_at`) VALUES (94, 14, 94, 1, '2013-05-21 18:49:04', '1981-02-02 07:50:00');
INSERT INTO `likes` (`id`, `user_id`, `book_id`, `like_type`, `created_at`, `updated_at`) VALUES (95, 15, 95, 1, '2011-04-21 18:14:42', '1989-09-20 17:17:26');
INSERT INTO `likes` (`id`, `user_id`, `book_id`, `like_type`, `created_at`, `updated_at`) VALUES (96, 16, 96, 0, '2015-06-05 02:17:32', '1970-10-20 06:47:23');
INSERT INTO `likes` (`id`, `user_id`, `book_id`, `like_type`, `created_at`, `updated_at`) VALUES (97, 17, 97, 1, '1978-03-13 01:00:04', '1992-12-12 01:29:06');
INSERT INTO `likes` (`id`, `user_id`, `book_id`, `like_type`, `created_at`, `updated_at`) VALUES (98, 18, 98, 0, '1979-03-29 23:41:30', '1994-05-26 21:52:22');
INSERT INTO `likes` (`id`, `user_id`, `book_id`, `like_type`, `created_at`, `updated_at`) VALUES (99, 19, 99, 1, '2016-10-24 09:39:54', '2005-08-12 08:55:30');
INSERT INTO `likes` (`id`, `user_id`, `book_id`, `like_type`, `created_at`, `updated_at`) VALUES (100, 20, 100, 1, '1985-04-13 18:23:56', '1999-10-12 20:57:52');
INSERT INTO `likes` (`id`, `user_id`, `book_id`, `like_type`, `created_at`, `updated_at`) VALUES (101, 16, 36, 0, '1997-09-19 14:38:44', '1990-03-21 20:51:44');
INSERT INTO `likes` (`id`, `user_id`, `book_id`, `like_type`, `created_at`, `updated_at`) VALUES (102, 17, 37, 0, '1972-04-12 03:15:18', '1988-12-27 07:43:35');
INSERT INTO `likes` (`id`, `user_id`, `book_id`, `like_type`, `created_at`, `updated_at`) VALUES (103, 18, 38, 1, '1991-09-29 19:40:27', '2011-08-01 17:31:55');
INSERT INTO `likes` (`id`, `user_id`, `book_id`, `like_type`, `created_at`, `updated_at`) VALUES (104, 19, 39, 1, '2008-08-03 11:39:10', '1994-05-07 18:15:08');
INSERT INTO `likes` (`id`, `user_id`, `book_id`, `like_type`, `created_at`, `updated_at`) VALUES (105, 20, 40, 1, '2015-12-18 13:59:19', '2018-02-17 19:47:33');
INSERT INTO `likes` (`id`, `user_id`, `book_id`, `like_type`, `created_at`, `updated_at`) VALUES (106, 1, 41, 1, '2014-01-26 02:53:25', '2003-06-22 06:10:17');
INSERT INTO `likes` (`id`, `user_id`, `book_id`, `like_type`, `created_at`, `updated_at`) VALUES (107, 2, 42, 1, '1979-02-10 21:01:21', '1974-08-02 22:28:55');
INSERT INTO `likes` (`id`, `user_id`, `book_id`, `like_type`, `created_at`, `updated_at`) VALUES (108, 3, 43, 0, '1971-10-06 20:41:47', '1991-11-01 12:06:30');
INSERT INTO `likes` (`id`, `user_id`, `book_id`, `like_type`, `created_at`, `updated_at`) VALUES (109, 4, 44, 0, '1996-06-14 00:05:10', '2006-12-03 01:21:47');
INSERT INTO `likes` (`id`, `user_id`, `book_id`, `like_type`, `created_at`, `updated_at`) VALUES (110, 5, 45, 1, '2019-04-13 05:07:53', '1995-12-15 23:13:47');
INSERT INTO `likes` (`id`, `user_id`, `book_id`, `like_type`, `created_at`, `updated_at`) VALUES (111, 6, 46, 1, '2002-08-30 18:16:11', '2004-09-18 01:37:56');
INSERT INTO `likes` (`id`, `user_id`, `book_id`, `like_type`, `created_at`, `updated_at`) VALUES (112, 7, 47, 0, '1971-01-02 10:27:53', '1975-08-26 19:23:23');
INSERT INTO `likes` (`id`, `user_id`, `book_id`, `like_type`, `created_at`, `updated_at`) VALUES (113, 8, 48, 0, '2009-06-13 13:34:03', '1991-06-28 13:11:52');
INSERT INTO `likes` (`id`, `user_id`, `book_id`, `like_type`, `created_at`, `updated_at`) VALUES (114, 4, 4, 1, '1986-03-19 16:41:35', '1993-03-30 09:22:12');
INSERT INTO `likes` (`id`, `user_id`, `book_id`, `like_type`, `created_at`, `updated_at`) VALUES (115, 5, 5, 0, '1996-05-28 12:19:15', '1978-07-04 22:15:51');
INSERT INTO `likes` (`id`, `user_id`, `book_id`, `like_type`, `created_at`, `updated_at`) VALUES (116, 6, 6, 0, '2005-12-18 14:27:02', '1975-05-19 21:57:31');
INSERT INTO `likes` (`id`, `user_id`, `book_id`, `like_type`, `created_at`, `updated_at`) VALUES (117, 7, 7, 1, '1992-10-15 20:08:13', '1989-10-14 11:02:59');
INSERT INTO `likes` (`id`, `user_id`, `book_id`, `like_type`, `created_at`, `updated_at`) VALUES (118, 8, 8, 0, '1998-05-27 23:31:09', '1997-12-13 13:19:46');
INSERT INTO `likes` (`id`, `user_id`, `book_id`, `like_type`, `created_at`, `updated_at`) VALUES (119, 9, 9, 1, '1976-10-12 18:14:48', '1987-12-17 17:31:42');
INSERT INTO `likes` (`id`, `user_id`, `book_id`, `like_type`, `created_at`, `updated_at`) VALUES (120, 10, 10, 0, '2000-12-31 03:40:41', '1998-07-28 02:04:39');
INSERT INTO `likes` (`id`, `user_id`, `book_id`, `like_type`, `created_at`, `updated_at`) VALUES (121, 11, 11, 1, '2016-11-07 17:06:06', '2012-01-12 22:07:31');
INSERT INTO `likes` (`id`, `user_id`, `book_id`, `like_type`, `created_at`, `updated_at`) VALUES (122, 12, 12, 0, '2006-09-14 09:56:25', '1970-09-22 13:26:16');
INSERT INTO `likes` (`id`, `user_id`, `book_id`, `like_type`, `created_at`, `updated_at`) VALUES (123, 13, 13,1, '2006-01-04 13:40:33', '1996-01-11 13:12:23');
INSERT INTO `likes` (`id`, `user_id`, `book_id`, `like_type`, `created_at`, `updated_at`) VALUES (124, 14, 14, 1, '1972-12-06 01:33:59', '2016-05-27 07:16:05');
INSERT INTO `likes` (`id`, `user_id`, `book_id`, `like_type`, `created_at`, `updated_at`) VALUES (125, 15, 15, 1, '1991-07-30 02:42:54', '1975-09-11 20:58:42');
INSERT INTO `likes` (`id`, `user_id`, `book_id`, `like_type`, `created_at`, `updated_at`) VALUES (126, 16, 16, 1, '1983-11-20 04:34:27', '1992-08-10 19:18:20');
INSERT INTO `likes` (`id`, `user_id`, `book_id`, `like_type`, `created_at`, `updated_at`) VALUES (127, 17, 17, 1, '2019-08-16 22:52:30', '1976-10-30 05:03:39');
INSERT INTO `likes` (`id`, `user_id`, `book_id`, `like_type`, `created_at`, `updated_at`) VALUES (128, 18, 18, 0, '2004-03-03 00:34:14', '2017-04-04 12:32:56');
INSERT INTO `likes` (`id`, `user_id`, `book_id`, `like_type`, `created_at`, `updated_at`) VALUES (129, 19, 19, 1, '1998-12-14 03:58:08', '1999-09-07 13:34:06');
INSERT INTO `likes` (`id`, `user_id`, `book_id`, `like_type`, `created_at`, `updated_at`) VALUES (130, 14, 94, 1, '2013-05-21 18:49:04', '1981-02-02 07:50:00');
INSERT INTO `likes` (`id`, `user_id`, `book_id`, `like_type`, `created_at`, `updated_at`) VALUES (131, 15, 95, 1, '2011-04-21 18:14:42', '1989-09-20 17:17:26');
INSERT INTO `likes` (`id`, `user_id`, `book_id`, `like_type`, `created_at`, `updated_at`) VALUES (132, 16, 96, 1, '2015-06-05 02:17:32', '1970-10-20 06:47:23');
INSERT INTO `likes` (`id`, `user_id`, `book_id`, `like_type`, `created_at`, `updated_at`) VALUES (133, 17, 97, 1, '1978-03-13 01:00:04', '1992-12-12 01:29:06');
INSERT INTO `likes` (`id`, `user_id`, `book_id`, `like_type`, `created_at`, `updated_at`) VALUES (134, 18, 98, 0, '1979-03-29 23:41:30', '1994-05-26 21:52:22');
INSERT INTO `likes` (`id`, `user_id`, `book_id`, `like_type`, `created_at`, `updated_at`) VALUES (135, 19, 99, 1, '2016-10-24 09:39:54', '2005-08-12 08:55:30');
INSERT INTO `likes` (`id`, `user_id`, `book_id`, `like_type`, `created_at`, `updated_at`) VALUES (136, 1, 10, 1, '2016-10-24 09:39:54', '2005-08-12 08:55:30');
INSERT INTO `likes` (`id`, `user_id`, `book_id`, `like_type`, `created_at`, `updated_at`) VALUES (137, 2, 10, 1, '2016-10-24 09:39:54', '2005-08-12 08:55:30');
INSERT INTO `likes` (`id`, `user_id`, `book_id`, `like_type`, `created_at`, `updated_at`) VALUES (138, 5, 10, 1, '2016-10-24 09:39:54', '2005-08-12 08:55:30');
INSERT INTO `likes` (`id`, `user_id`, `book_id`, `like_type`, `created_at`, `updated_at`) VALUES (139, 8, 45, 1, '2016-10-24 09:39:54', '2005-08-12 08:55:30');
INSERT INTO `likes` (`id`, `user_id`, `book_id`, `like_type`, `created_at`, `updated_at`) VALUES (140, 8, 97, 1, '2016-10-24 09:39:54', '2005-08-12 08:55:30');
INSERT INTO `likes` (`id`, `user_id`, `book_id`, `like_type`, `created_at`, `updated_at`) VALUES (141, 19, 97, 1, '2016-10-24 09:39:54', '2005-08-12 08:55:30');
INSERT INTO `likes` (`id`, `user_id`, `book_id`, `like_type`, `created_at`, `updated_at`) VALUES (142, 20, 97, 1, '2016-10-24 09:39:54', '2005-08-12 08:55:30');
INSERT INTO `likes` (`id`, `user_id`, `book_id`, `like_type`, `created_at`, `updated_at`) VALUES (143, 6, 97, 1, '2016-10-24 09:39:54', '2005-08-12 08:55:30');
INSERT INTO `likes` (`id`, `user_id`, `book_id`, `like_type`, `created_at`, `updated_at`) VALUES (144, 19, 94, 1, '2016-10-24 09:39:54', '2005-08-12 08:55:30');
INSERT INTO `likes` (`id`, `user_id`, `book_id`, `like_type`, `created_at`, `updated_at`) VALUES (145, 11, 94, 1, '2016-10-24 09:39:54', '2005-08-12 08:55:30');


-- orders

INSERT INTO `orders` (`id`, `user_id`, `book_id`, `total`, `status_id`, `created_at`, `updated_at`) VALUES (1, 1, 1, 1, 1, '1992-11-29 09:36:57', '1973-12-10 18:09:59');
INSERT INTO `orders` (`id`, `user_id`, `book_id`, `total`, `status_id`, `created_at`, `updated_at`) VALUES (2, 2, 2, 1, 2, '2012-03-29 05:46:45', '1994-11-26 08:38:40');
INSERT INTO `orders` (`id`, `user_id`, `book_id`, `total`, `status_id`, `created_at`, `updated_at`) VALUES (3, 3, 3, 1, 3, '2013-10-20 02:14:01', '1972-04-06 02:51:23');
INSERT INTO `orders` (`id`, `user_id`, `book_id`, `total`, `status_id`, `created_at`, `updated_at`) VALUES (4, 4, 4, 1, 4, '1988-02-13 13:38:39', '1998-06-26 01:17:07');
INSERT INTO `orders` (`id`, `user_id`, `book_id`, `total`, `status_id`, `created_at`, `updated_at`) VALUES (5, 5, 5, 1, 1, '1998-06-13 13:17:01', '1988-10-11 04:34:59');
INSERT INTO `orders` (`id`, `user_id`, `book_id`, `total`, `status_id`, `created_at`, `updated_at`) VALUES (6, 6, 6, 1, 2, '2013-08-17 16:22:52', '1991-01-15 16:42:19');
INSERT INTO `orders` (`id`, `user_id`, `book_id`, `total`, `status_id`, `created_at`, `updated_at`) VALUES (7, 7, 7, 1, 3, '2016-04-28 09:50:32', '2004-04-09 18:55:27');
INSERT INTO `orders` (`id`, `user_id`, `book_id`, `total`, `status_id`, `created_at`, `updated_at`) VALUES (8, 8, 8, 1, 4, '2007-10-29 15:46:02', '1999-04-04 22:44:21');
INSERT INTO `orders` (`id`, `user_id`, `book_id`, `total`, `status_id`, `created_at`, `updated_at`) VALUES (9, 9, 9, 1, 1, '1998-06-02 19:33:14', '2010-04-27 07:11:19');
INSERT INTO `orders` (`id`, `user_id`, `book_id`, `total`, `status_id`, `created_at`, `updated_at`) VALUES (10, 10, 10, 1, 2, '1983-07-27 19:02:56', '1974-11-27 04:37:54');
INSERT INTO `orders` (`id`, `user_id`, `book_id`, `total`, `status_id`, `created_at`, `updated_at`) VALUES (11, 11, 11, 1, 3, '1990-07-07 22:34:41', '2018-10-29 22:18:29');
INSERT INTO `orders` (`id`, `user_id`, `book_id`, `total`, `status_id`, `created_at`, `updated_at`) VALUES (12, 12, 12, 1, 4, '1995-04-15 15:04:47', '1991-05-23 05:57:06');
INSERT INTO `orders` (`id`, `user_id`, `book_id`, `total`, `status_id`, `created_at`, `updated_at`) VALUES (13, 13, 13, 1, 1, '1972-07-06 15:29:46', '1972-04-17 23:23:26');
INSERT INTO `orders` (`id`, `user_id`, `book_id`, `total`, `status_id`, `created_at`, `updated_at`) VALUES (14, 14, 14, 1, 2, '2019-03-24 04:31:27', '1995-11-06 07:10:00');
INSERT INTO `orders` (`id`, `user_id`, `book_id`, `total`, `status_id`, `created_at`, `updated_at`) VALUES (15, 15, 15, 1, 3, '2004-07-03 19:11:52', '2010-10-19 00:51:08');
INSERT INTO `orders` (`id`, `user_id`, `book_id`, `total`, `status_id`, `created_at`, `updated_at`) VALUES (16, 16, 16, 1, 4, '1985-08-04 07:59:01', '1999-07-28 07:24:25');
INSERT INTO `orders` (`id`, `user_id`, `book_id`, `total`, `status_id`, `created_at`, `updated_at`) VALUES (17, 17, 17, 1, 1, '2012-07-22 01:47:18', '1987-10-25 05:51:09');
INSERT INTO `orders` (`id`, `user_id`, `book_id`, `total`, `status_id`, `created_at`, `updated_at`) VALUES (18, 18, 18, 1, 2, '2015-06-24 19:11:27', '2000-02-01 06:07:06');
INSERT INTO `orders` (`id`, `user_id`, `book_id`, `total`, `status_id`, `created_at`, `updated_at`) VALUES (19, 19, 19, 1, 3, '2013-09-03 02:19:07', '1988-12-20 22:25:30');
INSERT INTO `orders` (`id`, `user_id`, `book_id`, `total`, `status_id`, `created_at`, `updated_at`) VALUES (20, 20, 20, 1, 4, '2004-08-17 08:48:00', '1993-02-16 10:30:25');
INSERT INTO `orders` (`id`, `user_id`, `book_id`, `total`, `status_id`, `created_at`, `updated_at`) VALUES (21, 1, 21, 1, 1, '1974-05-02 05:18:03', '1985-04-01 06:02:37');
INSERT INTO `orders` (`id`, `user_id`, `book_id`, `total`, `status_id`, `created_at`, `updated_at`) VALUES (22, 2, 22, 1, 2, '2017-06-17 14:20:18', '2009-10-28 12:16:36');
INSERT INTO `orders` (`id`, `user_id`, `book_id`, `total`, `status_id`, `created_at`, `updated_at`) VALUES (23, 3, 23, 1, 3, '1983-11-25 18:29:49', '1981-07-22 16:27:09');
INSERT INTO `orders` (`id`, `user_id`, `book_id`, `total`, `status_id`, `created_at`, `updated_at`) VALUES (24, 4, 24, 1, 4, '2008-02-06 11:07:40', '1972-06-14 00:56:25');
INSERT INTO `orders` (`id`, `user_id`, `book_id`, `total`, `status_id`, `created_at`, `updated_at`) VALUES (25, 5, 25, 1, 1, '2016-02-13 01:27:49', '2012-03-17 00:29:34');
INSERT INTO `orders` (`id`, `user_id`, `book_id`, `total`, `status_id`, `created_at`, `updated_at`) VALUES (26, 6, 26, 1, 2, '2013-11-23 00:18:37', '1996-10-02 23:45:31');
INSERT INTO `orders` (`id`, `user_id`, `book_id`, `total`, `status_id`, `created_at`, `updated_at`) VALUES (27, 7, 27, 1, 3, '2013-09-11 18:40:20', '1992-11-14 20:17:02');
INSERT INTO `orders` (`id`, `user_id`, `book_id`, `total`, `status_id`, `created_at`, `updated_at`) VALUES (28, 8, 28, 1, 4, '1970-05-24 18:38:18', '1986-01-22 20:37:05');
INSERT INTO `orders` (`id`, `user_id`, `book_id`, `total`, `status_id`, `created_at`, `updated_at`) VALUES (29, 9, 29, 1, 1, '1970-10-14 19:42:39', '1985-07-08 19:09:04');
INSERT INTO `orders` (`id`, `user_id`, `book_id`, `total`, `status_id`, `created_at`, `updated_at`) VALUES (30, 10, 30, 1, 2, '1996-08-21 09:03:37', '1970-07-15 19:49:27');
INSERT INTO `orders` (`id`, `user_id`, `book_id`, `total`, `status_id`, `created_at`, `updated_at`) VALUES (31, 1, 100, 1, 3, '2013-10-20 02:14:01', '1972-04-06 02:51:23');
INSERT INTO `orders` (`id`, `user_id`, `book_id`, `total`, `status_id`, `created_at`, `updated_at`) VALUES (32, 5, 58, 1, 4, '1988-02-13 13:38:39', '1998-06-26 01:17:07');
INSERT INTO `orders` (`id`, `user_id`, `book_id`, `total`, `status_id`, `created_at`, `updated_at`) VALUES (33, 6, 63, 1, 1, '1998-06-13 13:17:01', '1988-10-11 04:34:59');
INSERT INTO `orders` (`id`, `user_id`, `book_id`, `total`, `status_id`, `created_at`, `updated_at`) VALUES (34, 3, 63, 1, 2, '2013-08-17 16:22:52', '1991-01-15 16:42:19');
INSERT INTO `orders` (`id`, `user_id`, `book_id`, `total`, `status_id`, `created_at`, `updated_at`) VALUES (35, 2, 80, 1, 3, '2016-04-28 09:50:32', '2004-04-09 18:55:27');
INSERT INTO `orders` (`id`, `user_id`, `book_id`, `total`, `status_id`, `created_at`, `updated_at`) VALUES (36, 2, 79, 1, 4, '2007-10-29 15:46:02', '1999-04-04 22:44:21');
INSERT INTO `orders` (`id`, `user_id`, `book_id`, `total`, `status_id`, `created_at`, `updated_at`) VALUES (37, 8, 95, 1, 1, '1998-06-02 19:33:14', '2010-04-27 07:11:19');
INSERT INTO `orders` (`id`, `user_id`, `book_id`, `total`, `status_id`, `created_at`, `updated_at`) VALUES (38, 1, 95, 1, 2, '1983-07-27 19:02:56', '1974-11-27 04:37:54');
INSERT INTO `orders` (`id`, `user_id`, `book_id`, `total`, `status_id`, `created_at`, `updated_at`) VALUES (39, 20, 81, 1, 3, '1990-07-07 22:34:41', '2018-10-29 22:18:29');
INSERT INTO `orders` (`id`, `user_id`, `book_id`, `total`, `status_id`, `created_at`, `updated_at`) VALUES (40, 19, 58, 1, 4, '1995-04-15 15:04:47', '1991-05-23 05:57:06');
INSERT INTO `orders` (`id`, `user_id`, `book_id`, `total`, `status_id`, `created_at`, `updated_at`) VALUES (41, 3, 41, 1, 1, '1972-07-06 15:29:46', '1972-04-17 23:23:26');
INSERT INTO `orders` (`id`, `user_id`, `book_id`, `total`, `status_id`, `created_at`, `updated_at`) VALUES (42, 4, 39, 1, 2, '2019-03-24 04:31:27', '1995-11-06 07:10:00');
INSERT INTO `orders` (`id`, `user_id`, `book_id`, `total`, `status_id`, `created_at`, `updated_at`) VALUES (43, 10, 33, 1, 2, '2012-03-29 05:46:45', '1994-11-26 08:38:40');
INSERT INTO `orders` (`id`, `user_id`, `book_id`, `total`, `status_id`, `created_at`, `updated_at`) VALUES (44, 16, 56, 1, 3, '2013-10-20 02:14:01', '1972-04-06 02:51:23');
INSERT INTO `orders` (`id`, `user_id`, `book_id`, `total`, `status_id`, `created_at`, `updated_at`) VALUES (45, 16, 94, 1, 4, '1988-02-13 13:38:39', '1998-06-26 01:17:07');
INSERT INTO `orders` (`id`, `user_id`, `book_id`, `total`, `status_id`, `created_at`, `updated_at`) VALUES (46, 16, 94, 1, 1, '1998-06-13 13:17:01', '1988-10-11 04:34:59');
INSERT INTO `orders` (`id`, `user_id`, `book_id`, `total`, `status_id`, `created_at`, `updated_at`) VALUES (47, 1, 6, 1, 2, '2013-08-17 16:22:52', '1991-01-15 16:42:19');
INSERT INTO `orders` (`id`, `user_id`, `book_id`, `total`, `status_id`, `created_at`, `updated_at`) VALUES (48, 4, 7, 1, 3, '2016-04-28 09:50:32', '2004-04-09 18:55:27');
INSERT INTO `orders` (`id`, `user_id`, `book_id`, `total`, `status_id`, `created_at`, `updated_at`) VALUES (49, 5, 29, 1, 1, '1970-10-14 19:42:39', '1985-07-08 19:09:04');
INSERT INTO `orders` (`id`, `user_id`, `book_id`, `total`, `status_id`, `created_at`, `updated_at`) VALUES (50, 10, 30, 1, 2, '1996-08-21 09:03:37', '1970-07-15 19:49:27');

-- price_history

INSERT INTO `price_history` (`id`, `book_id`, `price`, `created_at`, `updated_at`) VALUES (1, 1, '675.00','' ,'2015-05-25 13:37:19', '2015-05-25 13:37:19');
INSERT INTO `price_history` (`id`, `book_id`, `price`, `created_at`, `updated_at`) VALUES (2, 2, '675.00', '' ,'2015-05-25 13:37:19', '2015-05-25 13:37:19');
INSERT INTO `price_history` (`id`, `book_id`, `price`, `created_at`, `updated_at`) VALUES (3, 3, '675.00','' , '2015-05-25 13:37:19', '2015-05-25 13:37:19');
INSERT INTO `price_history` (`id`, `book_id`, `price`, `created_at`, `updated_at`) VALUES (4, 4, '500.00', '' ,'2015-05-25 13:37:19', '2015-05-25 13:37:19');
INSERT INTO `price_history` (`id`, `book_id`, `price`, `created_at`, `updated_at`) VALUES (5, 5, '550.00', '' ,'2015-05-25 13:37:19', '2015-05-25 13:37:19');
INSERT INTO `price_history` (`id`, `book_id`, `price`, `created_at`, `updated_at`) VALUES (6, 6, '675.00', '' ,'2015-05-25 13:37:19', '2015-05-25 13:37:19');
INSERT INTO `price_history` (`id`, `book_id`, `price`, `created_at`, `updated_at`) VALUES (7, 7, '550.00', '' ,'2015-05-25 13:37:19', '2015-05-25 13:37:19');
INSERT INTO `price_history` (`id`, `book_id`, `price`, `created_at`, `updated_at`) VALUES (8, 8, '675.00', '' ,'2015-05-25 13:37:19', '2015-05-25 13:37:19');
INSERT INTO `price_history` (`id`, `book_id`, `price`, `created_at`, `updated_at`) VALUES (9, 9, '550.00', '' ,'2015-05-25 13:37:19', '2015-05-25 13:37:19');
INSERT INTO `price_history` (`id`, `book_id`, `price`, `created_at`, `updated_at`) VALUES (10, 10, '413.00', '' ,'2015-05-25 13:37:19', '2015-05-25 13:37:19');
INSERT INTO `price_history` (`id`, `book_id`, `price`, `created_at`, `updated_at`) VALUES (11, 11, '530.00', '' ,'2015-05-25 13:37:19', '2015-05-25 13:37:19');
INSERT INTO `price_history` (`id`, `book_id`, `price`, `created_at`, `updated_at`) VALUES (12, 12, '580.00', '' ,'2015-05-25 13:37:19', '2015-05-25 13:37:19');
INSERT INTO `price_history` (`id`, `book_id`, `price`, `created_at`, `updated_at`) VALUES (13, 13, '413.00', '' ,'2015-05-25 13:37:19', '2015-05-25 13:37:19');
INSERT INTO `price_history` (`id`, `book_id`, `price`, `created_at`, `updated_at`) VALUES (14, 14, '675.00', '' ,'2015-05-25 13:37:19', '2015-05-25 13:37:19');
INSERT INTO `price_history` (`id`, `book_id`, `price`, `created_at`, `updated_at`) VALUES (15, 15, '550.00', '' ,'2015-05-25 13:37:19', '2015-05-25 13:37:19');
INSERT INTO `price_history` (`id`, `book_id`, `price`, `created_at`, `updated_at`) VALUES (16, 16, '413.00', '' ,'2015-05-25 13:37:19', '2015-05-25 13:37:19');
INSERT INTO `price_history` (`id`, `book_id`, `price`, `created_at`, `updated_at`) VALUES (17, 17, '520.00', '' ,'2015-05-25 13:37:19', '2015-05-25 13:37:19');
INSERT INTO `price_history` (`id`, `book_id`, `price`, `created_at`, `updated_at`) VALUES (18, 18, '413.00', '' ,'2015-05-25 13:37:19', '2015-05-25 13:37:19');
INSERT INTO `price_history` (`id`, `book_id`, `price`, `created_at`, `updated_at`) VALUES (19, 19, '550.00', '' ,'2015-05-25 13:37:19', '2015-05-25 13:37:19');
INSERT INTO `price_history` (`id`, `book_id`, `price`, `created_at`, `updated_at`) VALUES (20, 20, '413.00', '' ,'2015-05-25 13:37:19', '2015-05-25 13:37:19');
INSERT INTO `price_history` (`id`, `book_id`, `price`, `created_at`, `updated_at`) VALUES (21, 21, '480.00', '' ,'2015-05-25 13:37:19', '2015-05-25 13:37:19');
INSERT INTO `price_history` (`id`, `book_id`, `price`, `created_at`, `updated_at`) VALUES (22, 22, '520.00', '' ,'2015-05-25 13:37:19', '2015-05-25 13:37:19');
INSERT INTO `price_history` (`id`, `book_id`, `price`, `created_at`, `updated_at`) VALUES (23, 23, '550.00','' , '2015-05-25 13:37:19', '2015-05-25 13:37:19');
INSERT INTO `price_history` (`id`, `book_id`, `price`, `created_at`, `updated_at`) VALUES (24, 24, '550.00', '' ,'2015-05-25 13:37:19', '2015-05-25 13:37:19');
INSERT INTO `price_history` (`id`, `book_id`, `price`, `created_at`, `updated_at`) VALUES (25, 25, '520.00', '' ,'2015-05-25 13:37:19', '2015-05-25 13:37:19');
INSERT INTO `price_history` (`id`, `book_id`, `price`, `created_at`, `updated_at`) VALUES (26, 26, '550.00', '' ,'2015-05-25 13:37:19', '2015-05-25 13:37:19');
INSERT INTO `price_history` (`id`, `book_id`, `price`, `created_at`, `updated_at`) VALUES (27, 27, '413.00', '' ,'2015-05-25 13:37:19', '2015-05-25 13:37:19');
INSERT INTO `price_history` (`id`, `book_id`, `price`, `created_at`, `updated_at`) VALUES (28, 28, '550.00', '' ,'2015-05-25 13:37:19', '2015-05-25 13:37:19');
INSERT INTO `price_history` (`id`, `book_id`, `price`, `created_at`, `updated_at`) VALUES (29, 29, '520.00', '' ,'2015-05-25 13:37:19', '2015-05-25 13:37:19');
INSERT INTO `price_history` (`id`, `book_id`, `price`, `created_at`, `updated_at`) VALUES (30, 30, '550.00', '' ,'2015-05-25 13:37:19', '2015-05-25 13:37:19');
INSERT INTO `price_history` (`id`, `book_id`, `price`, `created_at`, `updated_at`) VALUES (31, 31, '550.00', '' ,'2015-05-25 13:37:19', '2015-05-25 13:37:19');
INSERT INTO `price_history` (`id`, `book_id`, `price`, `created_at`, `updated_at`) VALUES (32, 32, '413.00', '' ,'2015-05-25 13:37:19', '2015-05-25 13:37:19');
INSERT INTO `price_history` (`id`, `book_id`, `price`, `created_at`, `updated_at`) VALUES (33, 33, '520.00', '' ,'2015-05-25 13:37:19', '2015-05-25 13:37:19');
INSERT INTO `price_history` (`id`, `book_id`, `price`, `created_at`, `updated_at`) VALUES (34, 34, '550.00', '' ,'2015-05-25 13:37:19', '2015-05-25 13:37:19');
INSERT INTO `price_history` (`id`, `book_id`, `price`, `created_at`, `updated_at`) VALUES (35, 35, '480.00', '' ,'2015-05-25 13:37:19', '2015-05-25 13:37:19');
INSERT INTO `price_history` (`id`, `book_id`, `price`, `created_at`, `updated_at`) VALUES (36, 36, '675.00', '' ,'2015-05-25 13:37:19', '2015-05-25 13:37:19');
INSERT INTO `price_history` (`id`, `book_id`, `price`, `created_at`, `updated_at`) VALUES (37, 37, '413.00','' , '2015-05-25 13:37:19', '2015-05-25 13:37:19');
INSERT INTO `price_history` (`id`, `book_id`, `price`, `created_at`, `updated_at`) VALUES (38, 38, '550.00', '' ,'2015-05-25 13:37:19', '2015-05-25 13:37:19');
INSERT INTO `price_history` (`id`, `book_id`, `price`, `created_at`, `updated_at`) VALUES (39, 39, '550.00', '' ,'2015-05-25 13:37:19', '2015-05-25 13:37:19');
INSERT INTO `price_history` (`id`, `book_id`, `price`, `created_at`, `updated_at`) VALUES (40, 40, '520.00', '' ,'2015-05-25 13:37:19', '2015-05-25 13:37:19');
INSERT INTO `price_history` (`id`, `book_id`, `price`, `created_at`, `updated_at`) VALUES (41, 41, '413.00', '' ,'2015-05-25 13:37:19', '2015-05-25 13:37:19');
INSERT INTO `price_history` (`id`, `book_id`, `price`, `created_at`, `updated_at`) VALUES (42, 42, '550.00', '' ,'2015-05-25 13:37:19', '2015-05-25 13:37:19');
INSERT INTO `price_history` (`id`, `book_id`, `price`, `created_at`, `updated_at`) VALUES (43, 43, '675.00', '' ,'2015-05-25 13:37:19', '2015-05-25 13:37:19');
INSERT INTO `price_history` (`id`, `book_id`, `price`, `created_at`, `updated_at`) VALUES (44, 44, '413.00', '' ,'2015-05-25 13:37:19', '2015-05-25 13:37:19');
INSERT INTO `price_history` (`id`, `book_id`, `price`, `created_at`, `updated_at`) VALUES (45, 45, '480.00', '' ,'2015-05-25 13:37:19', '2015-05-25 13:37:19');
INSERT INTO `price_history` (`id`, `book_id`, `price`, `created_at`, `updated_at`) VALUES (46, 46, '550.00', '' ,'2015-05-25 13:37:19', '2015-05-25 13:37:19');
INSERT INTO `price_history` (`id`, `book_id`, `price`, `created_at`, `updated_at`) VALUES (47, 47, '520.00', '' ,'2015-05-25 13:37:19', '2015-05-25 13:37:19');
INSERT INTO `price_history` (`id`, `book_id`, `price`, `created_at`, `updated_at`) VALUES (48, 48, '413.00','' , '2015-05-25 13:37:19', '2015-05-25 13:37:19');
INSERT INTO `price_history` (`id`, `book_id`, `price`, `created_at`, `updated_at`) VALUES (49, 49, '480.00', '' ,'2015-05-25 13:37:19', '2015-05-25 13:37:19');
INSERT INTO `price_history` (`id`, `book_id`, `price`, `created_at`, `updated_at`) VALUES (50, 50, '550.00', '' ,'2015-05-25 13:37:19', '2015-05-25 13:37:19');
INSERT INTO `price_history` (`id`, `book_id`, `price`, `created_at`, `updated_at`) VALUES (51, 51, '550.00', '' ,'2015-05-25 13:37:19', '2015-05-25 13:37:19');
INSERT INTO `price_history` (`id`, `book_id`, `price`, `created_at`, `updated_at`) VALUES (52, 52, '413.00', '' ,'2015-05-25 13:37:19', '2015-05-25 13:37:19');
INSERT INTO `price_history` (`id`, `book_id`, `price`, `created_at`, `updated_at`) VALUES (53, 53, '480.00', '' ,'2015-05-25 13:37:19', '2015-05-25 13:37:19');
INSERT INTO `price_history` (`id`, `book_id`, `price`, `created_at`, `updated_at`) VALUES (54, 54, '480.00', '' ,'2015-05-25 13:37:19', '2015-05-25 13:37:19');
INSERT INTO `price_history` (`id`, `book_id`, `price`, `created_at`, `updated_at`) VALUES (55, 55, '630.00', '' ,'2015-05-25 13:37:19', '2015-05-25 13:37:19');
INSERT INTO `price_history` (`id`, `book_id`, `price`, `created_at`, `updated_at`) VALUES (56, 56, '413.00', '' ,'2015-05-25 13:37:19', '2015-05-25 13:37:19');
INSERT INTO `price_history` (`id`, `book_id`, `price`, `created_at`, `updated_at`) VALUES (57, 57, '520.00','' , '2015-05-25 13:37:19', '2015-05-25 13:37:19');
INSERT INTO `price_history` (`id`, `book_id`, `price`, `created_at`, `updated_at`) VALUES (58, 58, '480.00','' , '2015-05-25 13:37:19', '2015-05-25 13:37:19');
INSERT INTO `price_history` (`id`, `book_id`, `price`, `created_at`, `updated_at`) VALUES (59, 59, '413.00', '' ,'2015-05-25 13:37:19', '2015-05-25 13:37:19');
INSERT INTO `price_history` (`id`, `book_id`, `price`, `created_at`, `updated_at`) VALUES (60, 60, '630.00', '' ,'2015-05-25 13:37:19', '2015-05-25 13:37:19');
INSERT INTO `price_history` (`id`, `book_id`, `price`, `created_at`, `updated_at`) VALUES (61, 61, '463.17', '' ,'2015-05-25 13:37:19', '2015-05-25 13:37:19');
INSERT INTO `price_history` (`id`, `book_id`, `price`, `created_at`, `updated_at`) VALUES (62, 62, '413.00', '' ,'2015-05-25 13:37:19', '2015-05-25 13:37:19');
INSERT INTO `price_history` (`id`, `book_id`, `price`, `created_at`, `updated_at`) VALUES (63, 63, '550.00', '' ,'2015-05-25 13:37:19', '2015-05-25 13:37:19');
INSERT INTO `price_history` (`id`, `book_id`, `price`, `created_at`, `updated_at`) VALUES (64, 64, '480.00', '' ,'2015-05-25 13:37:19', '2015-05-25 13:37:19');
INSERT INTO `price_history` (`id`, `book_id`, `price`, `created_at`, `updated_at`) VALUES (65, 65, '550.00', '' ,'2015-05-25 13:37:19', '2015-05-25 13:37:19');
INSERT INTO `price_history` (`id`, `book_id`, `price`, `created_at`, `updated_at`) VALUES (66, 66, '122.54', '' ,'2015-05-25 13:37:19', '2015-05-25 13:37:19');
INSERT INTO `price_history` (`id`, `book_id`, `price`, `created_at`, `updated_at`) VALUES (67, 67, '630.00','' ,'2015-05-25 13:37:19', '2015-05-25 13:37:19');
INSERT INTO `price_history` (`id`, `book_id`, `price`, `created_at`, `updated_at`) VALUES (68, 68, '413.00','' , '2015-05-25 13:37:19', '2015-05-25 13:37:19');
INSERT INTO `price_history` (`id`, `book_id`, `price`, `created_at`, `updated_at`) VALUES (69, 69, '550.00','' , '2015-05-25 13:37:19', '2015-05-25 13:37:19');
INSERT INTO `price_history` (`id`, `book_id`, `price`, `created_at`, `updated_at`) VALUES (70, 70, '520.00', '' ,'2015-05-25 13:37:19', '2015-05-25 13:37:19');
INSERT INTO `price_history` (`id`, `book_id`, `price`, `created_at`, `updated_at`) VALUES (71, 71, '630.00','' , '2015-05-25 13:37:19', '2015-05-25 13:37:19');
INSERT INTO `price_history` (`id`, `book_id`, `price`, `created_at`, `updated_at`) VALUES (72, 72, '480.00','' , '2015-05-25 13:37:19', '2015-05-25 13:37:19');
INSERT INTO `price_history` (`id`, `book_id`, `price`, `created_at`, `updated_at`) VALUES (73, 73, '413.00','' , '2015-05-25 13:37:19', '2015-05-25 13:37:19');
INSERT INTO `price_history` (`id`, `book_id`, `price`, `created_at`, `updated_at`) VALUES (74, 74, '520.00','' , '2015-05-25 13:37:19', '2015-05-25 13:37:19');
INSERT INTO `price_history` (`id`, `book_id`, `price`, `created_at`, `updated_at`) VALUES (75, 75, '675.00', '' ,'2015-05-25 13:37:19', '2015-05-25 13:37:19');
INSERT INTO `price_history` (`id`, `book_id`, `price`, `created_at`, `updated_at`) VALUES (76, 76, '630.00', '' ,'2015-05-25 13:37:19', '2015-05-25 13:37:19');
INSERT INTO `price_history` (`id`, `book_id`, `price`, `created_at`, `updated_at`) VALUES (77, 77, '675.00','' , '2015-05-25 13:37:19', '2015-05-25 13:37:19');
INSERT INTO `price_history` (`id`, `book_id`, `price`, `created_at`, `updated_at`) VALUES (78, 78, '520.00','' , '2015-05-25 13:37:19', '2015-05-25 13:37:19');
INSERT INTO `price_history` (`id`, `book_id`, `price`, `created_at`, `updated_at`) VALUES (79, 79, '480.00','' , '2015-05-25 13:37:19', '2015-05-25 13:37:19');
INSERT INTO `price_history` (`id`, `book_id`, `price`, `created_at`, `updated_at`) VALUES (80, 80, '550.00','' , '2015-05-25 13:37:19', '2015-05-25 13:37:19');
INSERT INTO `price_history` (`id`, `book_id`, `price`, `created_at`, `updated_at`) VALUES (81, 81, '630.00','' , '2015-05-25 13:37:19', '2015-05-25 13:37:19');
INSERT INTO `price_history` (`id`, `book_id`, `price`, `created_at`, `updated_at`) VALUES (82, 82, '630.00', '' ,'2015-05-25 13:37:19', '2015-05-25 13:37:19');
INSERT INTO `price_history` (`id`, `book_id`, `price`, `created_at`, `updated_at`) VALUES (83, 83, '675.00', '' ,'2015-05-25 13:37:19', '2015-05-25 13:37:19');
INSERT INTO `price_history` (`id`, `book_id`, `price`, `created_at`, `updated_at`) VALUES (84, 84, '550.00', '' ,'2015-05-25 13:37:19', '2015-05-25 13:37:19');
INSERT INTO `price_history` (`id`, `book_id`, `price`, `created_at`, `updated_at`) VALUES (85, 85, '520.00', '' ,'2015-05-25 13:37:19', '2015-05-25 13:37:19');
INSERT INTO `price_history` (`id`, `book_id`, `price`, `created_at`, `updated_at`) VALUES (86, 86, '480.00','' , '2015-05-25 13:37:19', '2015-05-25 13:37:19');
INSERT INTO `price_history` (`id`, `book_id`, `price`, `created_at`, `updated_at`) VALUES (87, 87, '520.00','' , '2015-05-25 13:37:19', '2015-05-25 13:37:19');
INSERT INTO `price_history` (`id`, `book_id`, `price`, `created_at`, `updated_at`) VALUES (88, 88, '630.00','' , '2015-05-25 13:37:19', '2015-05-25 13:37:19');
INSERT INTO `price_history` (`id`, `book_id`, `price`, `created_at`, `updated_at`) VALUES (89, 89, '480.00', '' ,'2015-05-25 13:37:19', '2015-05-25 13:37:19');
INSERT INTO `price_history` (`id`, `book_id`, `price`, `created_at`, `updated_at`) VALUES (90, 90, '630.00', '' ,'2015-05-25 13:37:19', '2015-05-25 13:37:19');
INSERT INTO `price_history` (`id`, `book_id`, `price`, `created_at`, `updated_at`) VALUES (91, 91, '520.00', '' ,'2015-05-25 13:37:19', '2015-05-25 13:37:19');
INSERT INTO `price_history` (`id`, `book_id`, `price`, `created_at`, `updated_at`) VALUES (92, 92, '550.00', '' ,'2015-05-25 13:37:19', '2015-05-25 13:37:19');
INSERT INTO `price_history` (`id`, `book_id`, `price`, `created_at`, `updated_at`) VALUES (93, 93, '480.00', '' ,'2015-05-25 13:37:19', '2015-05-25 13:37:19');
INSERT INTO `price_history` (`id`, `book_id`, `price`, `created_at`, `updated_at`) VALUES (94, 94, '550.00', '' ,'2015-05-25 13:37:19', '2015-05-25 13:37:19');
INSERT INTO `price_history` (`id`, `book_id`, `price`, `created_at`, `updated_at`) VALUES (95, 95, '520.00','' , '2015-05-25 13:37:19', '2015-05-25 13:37:19');
INSERT INTO `price_history` (`id`, `book_id`, `price`, `created_at`, `updated_at`) VALUES (96, 96, '630.00', '' ,'2015-05-25 13:37:19', '2015-05-25 13:37:19');
INSERT INTO `price_history` (`id`, `book_id`, `price`, `created_at`, `updated_at`) VALUES (97, 97, '480.00', '' ,'2015-05-25 13:37:19', '2015-05-25 13:37:19');
INSERT INTO `price_history` (`id`, `book_id`, `price`, `created_at`, `updated_at`) VALUES (98, 98, '520.00','' , '2015-05-25 13:37:19', '2015-05-25 13:37:19');
INSERT INTO `price_history` (`id`, `book_id`, `price`, `created_at`, `updated_at`) VALUES (99, 99, '675.00', '' ,'2015-05-25 13:37:19', '2015-05-25 13:37:19');
INSERT INTO `price_history` (`id`, `book_id`, `price`, `created_at`, `updated_at`) VALUES (100, 100, '630.00', '' ,'2015-05-25 13:37:19', '2015-05-25 13:37:19');
INSERT INTO `price_history` (`id`, `book_id`, `price`, `DateTo`, `created_at`, `updated_at`) VALUES (101, 2, '520.00', '2020-06-01','2020-06-01 13:37:19', '2020-06-01 13:37:19');
INSERT INTO `price_history` (`id`, `book_id`, `price`, `DateTo`, `created_at`, `updated_at`) VALUES (102, 2, '520.00', '2020-06-01','2020-06-01 13:37:19', '2020-06-01 13:37:19');
INSERT INTO `price_history` (`id`, `book_id`, `price`, `DateTo`, `created_at`, `updated_at`) VALUES (103, 3, '675.00', '2020-06-01','2020-06-01 13:37:19', '2020-06-01 13:37:19');
INSERT INTO `price_history` (`id`, `book_id`, `price`, `DateTo`, `created_at`, `updated_at`) VALUES (104, 4, '675.00', '2020-06-01','2020-06-01 13:37:19', '2020-06-01 13:37:19');
INSERT INTO `price_history` (`id`, `book_id`, `price`, `DateTo`, `created_at`, `updated_at`) VALUES (105, 5, '550.00', '2020-06-01','2020-06-01 13:37:19', '2020-06-01 13:37:19');
INSERT INTO `price_history` (`id`, `book_id`, `price`, `DateTo`, `created_at`, `updated_at`) VALUES (106, 6, '520.00', '2020-06-01','2020-06-01 13:37:19', '2020-06-01 13:37:19');
INSERT INTO `price_history` (`id`, `book_id`, `price`, `DateTo`, `created_at`, `updated_at`) VALUES (107, 7, '630.00', '2020-06-01','2020-06-01 13:37:19', '2020-06-01 13:37:19');
INSERT INTO `price_history` (`id`, `book_id`, `price`, `DateTo`, `created_at`, `updated_at`) VALUES (108, 8, '550.00', '2020-06-01','2020-06-01 13:37:19', '2020-06-01 13:37:19');
INSERT INTO `price_history` (`id`, `book_id`, `price`, `DateTo`, `created_at`, `updated_at`) VALUES (109, 9, '675.00', '2020-06-01','2020-06-01 13:37:19', '2020-06-01 13:37:19');
INSERT INTO `price_history` (`id`, `book_id`, `price`, `DateTo`, `created_at`, `updated_at`) VALUES (110, 10, '520.00', '2020-06-01','2020-06-01 13:37:19', '2020-06-01 13:37:19');
INSERT INTO `price_history` (`id`, `book_id`, `price`, `DateTo`, `created_at`, `updated_at`) VALUES (111, 11, '630.00', '2020-06-01','2020-06-01 13:37:19', '2020-06-01 13:37:19');
INSERT INTO `price_history` (`id`, `book_id`, `price`, `DateTo`, `created_at`, `updated_at`) VALUES (112, 12, '480.00', '2020-06-01','2020-06-01 13:37:19', '2020-06-01 13:37:19');
INSERT INTO `price_history` (`id`, `book_id`, `price`, `DateTo`, `created_at`, `updated_at`) VALUES (113, 13, '675.00', '2020-06-01','2020-06-01 13:37:19', '2020-06-01 13:37:19');
INSERT INTO `price_history` (`id`, `book_id`, `price`, `DateTo`, `created_at`, `updated_at`) VALUES (114, 14, '520.00', '2020-06-01','2020-06-01 13:37:19', '2020-06-01 13:37:19');
INSERT INTO `price_history` (`id`, `book_id`, `price`, `DateTo`, `created_at`, `updated_at`) VALUES (115, 15, '630.00','2020-06-01', '2020-06-01 13:37:19', '2020-06-01 13:37:19');
INSERT INTO `price_history` (`id`, `book_id`, `price`, `DateTo`, `created_at`, `updated_at`) VALUES (116, 16, '480.00', '2020-06-01','2020-06-01 13:37:19', '2020-06-01 13:37:19');
INSERT INTO `price_history` (`id`, `book_id`, `price`, `DateTo`, `created_at`, `updated_at`) VALUES (117, 17, '675.00','2020-06-01', '2020-06-01 13:37:19', '2020-06-01 13:37:19');
INSERT INTO `price_history` (`id`, `book_id`, `price`, `DateTo`, `created_at`, `updated_at`) VALUES (118, 18, '675.00', '2020-06-01','2020-06-01 13:37:19', '2020-06-01 13:37:19');
INSERT INTO `price_history` (`id`, `book_id`, `price`, `DateTo`, `created_at`, `updated_at`) VALUES (119, 19, '520.00', '2020-06-01','2020-06-01 13:37:19', '2020-06-01 13:37:19');
INSERT INTO `price_history` (`id`, `book_id`, `price`, `DateTo`, `created_at`, `updated_at`) VALUES (120, 20, '630.00','2020-06-01', '2020-06-01 13:37:19', '2020-06-01 13:37:19');
INSERT INTO `price_history` (`id`, `book_id`, `price`, `DateTo`, `created_at`, `updated_at`) VALUES (121, 21, '675.00', '2020-06-01','2020-06-01 13:37:19', '2020-06-01 13:37:19');
INSERT INTO `price_history` (`id`, `book_id`, `price`, `DateTo`, `created_at`, `updated_at`) VALUES (122, 22, '550.00', '2020-06-01','2020-06-01 13:37:19', '2020-06-01 13:37:19');
INSERT INTO `price_history` (`id`, `book_id`, `price`, `DateTo`, `created_at`, `updated_at`) VALUES (123, 23, '675.00', '2020-06-01','2020-06-01 13:37:19', '2020-06-01 13:37:19');
INSERT INTO `price_history` (`id`, `book_id`, `price`, `DateTo`, `created_at`, `updated_at`) VALUES (124, 24, '480.00', '2020-06-01','2020-06-01 13:37:19', '2020-06-01 13:37:19');
INSERT INTO `price_history` (`id`, `book_id`, `price`, `DateTo`, `created_at`, `updated_at`) VALUES (125, 25, '520.00', '2020-06-01','2020-06-01 13:37:19', '2020-06-01 13:37:19');
INSERT INTO `price_history` (`id`, `book_id`, `price`, `DateTo`, `created_at`, `updated_at`) VALUES (126, 26, '480.00', '2020-06-01','2020-06-01 13:37:19', '2020-06-01 13:37:19');
INSERT INTO `price_history` (`id`, `book_id`, `price`, `DateTo`, `created_at`, `updated_at`) VALUES (127, 27, '520.00', '2020-06-01','2020-06-01 13:37:19', '2020-06-01 13:37:19');
INSERT INTO `price_history` (`id`, `book_id`, `price`, `DateTo`, `created_at`, `updated_at`) VALUES (128, 28, '635.00', '2020-06-01','2020-06-01 13:37:19', '2020-06-01 13:37:19');
INSERT INTO `price_history` (`id`, `book_id`, `price`, `DateTo`, `created_at`, `updated_at`) VALUES (129, 29, '480.00', '2020-06-01','2020-06-01 13:37:19', '2020-06-01 13:37:19');
INSERT INTO `price_history` (`id`, `book_id`, `price`, `DateTo`, `created_at`, `updated_at`) VALUES (130, 30, '635.00', '2020-06-01','2020-06-01 13:37:19', '2020-06-01 13:37:19');



-- reviews

INSERT INTO `reviews` (`id`, `user_id`, `book_id`, `body`, `created_at`, `updated_at`) VALUES (1, 1, 1, 'Dolores nam voluptatem voluptatem pariatur. Ut aut eos iure repellendus. Explicabo quia veritatis eum perferendis. Itaque delectus non dignissimos culpa.', '2008-09-06 00:27:57', '1998-03-03 20:44:31');
INSERT INTO `reviews` (`id`, `user_id`, `book_id`, `body`, `created_at`, `updated_at`) VALUES (2, 2, 2, 'Eius natus aperiam aspernatur culpa sapiente quisquam error. Autem dolorem dicta quia hic aut. Soluta ut eum ut eligendi sequi aspernatur. Quia sed tempore possimus expedita consequatur dolor atque laboriosam.', '2012-12-28 20:58:22', '1984-07-29 04:44:42');
INSERT INTO `reviews` (`id`, `user_id`, `book_id`, `body`, `created_at`, `updated_at`) VALUES (3, 3, 3, 'Sunt facere quia id aut. Est rem et illo voluptatem. Culpa repellendus velit soluta eius.', '2017-09-18 06:08:00', '2018-05-06 13:13:06');
INSERT INTO `reviews` (`id`, `user_id`, `book_id`, `body`, `created_at`, `updated_at`) VALUES (4, 4, 4, 'Adipisci rerum itaque qui laboriosam fuga inventore consequatur. Commodi impedit excepturi rerum laudantium esse voluptatem reiciendis. Aut sit est maiores ut porro ducimus molestiae rerum.', '1996-06-27 06:05:39', '1991-02-08 06:04:08');
INSERT INTO `reviews` (`id`, `user_id`, `book_id`, `body`, `created_at`, `updated_at`) VALUES (5, 5, 5, 'Placeat quam est debitis inventore deserunt. Voluptas porro sapiente aliquam maiores. Expedita repudiandae velit sit nobis. Esse fugiat porro quia perspiciatis. Magnam consectetur explicabo deleniti ut veniam ipsam vitae eius.', '2011-12-26 22:54:07', '1990-05-24 02:37:47');
INSERT INTO `reviews` (`id`, `user_id`, `book_id`, `body`, `created_at`, `updated_at`) VALUES (6, 6, 6, 'Nam nulla nisi aliquid ut. Facere quis ipsum quisquam perferendis illo eveniet iusto praesentium. Omnis ipsum consequuntur laudantium quis.', '2020-03-12 20:55:41', '1975-01-26 08:52:38');
INSERT INTO `reviews` (`id`, `user_id`, `book_id`, `body`, `created_at`, `updated_at`) VALUES (7, 7, 7, 'Est et sed expedita cum dolore sapiente voluptatem. Recusandae praesentium distinctio ducimus error sint provident culpa. Aperiam enim optio recusandae quis. Nam et neque sunt eaque cupiditate voluptates nobis.', '1984-07-28 01:48:21', '2014-11-09 18:43:33');
INSERT INTO `reviews` (`id`, `user_id`, `book_id`, `body`, `created_at`, `updated_at`) VALUES (8, 8, 8, 'Facere excepturi aliquam sed in enim quae. Inventore voluptatem repudiandae in accusantium. Excepturi quia nobis nulla quasi et.', '2017-01-24 12:13:33', '1973-03-06 18:26:24');
INSERT INTO `reviews` (`id`, `user_id`, `book_id`, `body`, `created_at`, `updated_at`) VALUES (9, 9, 9, 'Et rem ab corporis sunt harum iure illo. Enim commodi sunt ipsam doloribus neque ut. Reiciendis ullam dolorem voluptas vero. Ut dignissimos vitae deleniti animi quae.', '1976-12-29 20:17:18', '1984-01-16 12:55:32');
INSERT INTO `reviews` (`id`, `user_id`, `book_id`, `body`, `created_at`, `updated_at`) VALUES (10, 10, 10, 'Modi corporis quo corporis id sunt qui deserunt ut. Aspernatur debitis tempore et dignissimos veritatis qui. Itaque qui culpa eaque.', '2007-02-23 14:06:15', '2010-11-26 01:38:55');
INSERT INTO `reviews` (`id`, `user_id`, `book_id`, `body`, `created_at`, `updated_at`) VALUES (11, 11, 11, 'Iusto omnis sed explicabo atque qui. Maiores doloremque ab at rerum quas aut. Quis quam eligendi repudiandae quia. Vel laudantium hic porro ea praesentium recusandae exercitationem.', '1970-06-15 01:03:52', '2001-07-09 08:55:46');
INSERT INTO `reviews` (`id`, `user_id`, `book_id`, `body`, `created_at`, `updated_at`) VALUES (12, 12, 12, 'Nulla vitae maiores assumenda aut. Ipsam dolore voluptas dolorem quam ipsum. Voluptatem eaque exercitationem eaque aperiam id nostrum. Ea ut aut et consequatur beatae molestias.', '1976-12-25 23:57:34', '2018-01-24 09:29:37');
INSERT INTO `reviews` (`id`, `user_id`, `book_id`, `body`, `created_at`, `updated_at`) VALUES (13, 13, 13, 'Rem voluptas libero saepe voluptas sit culpa. Maiores qui cumque voluptatem ratione occaecati eum eligendi. Odit eius est officiis dolorem fugit suscipit. Illo et molestiae dignissimos dolor ipsa sint a.', '2016-08-29 03:56:56', '1975-11-19 07:07:05');
INSERT INTO `reviews` (`id`, `user_id`, `book_id`, `body`, `created_at`, `updated_at`) VALUES (14, 14, 14, 'Est debitis consequatur corrupti qui eum aperiam eum dolorum. Neque inventore earum unde omnis saepe. Qui dicta consequuntur quis aut deserunt ab porro. Culpa facere quo nisi in.', '1995-12-28 20:14:42', '1995-08-11 11:23:39');
INSERT INTO `reviews` (`id`, `user_id`, `book_id`, `body`, `created_at`, `updated_at`) VALUES (15, 15, 15, 'Voluptatum iure reiciendis distinctio sed atque sequi. Voluptas ut quia et blanditiis unde assumenda eveniet nulla. Et iure labore vel aut libero. Iure dolor sequi quos qui qui pariatur.', '2006-10-25 20:37:56', '1973-11-11 16:06:21');
INSERT INTO `reviews` (`id`, `user_id`, `book_id`, `body`, `created_at`, `updated_at`) VALUES (16, 16, 16, 'Deserunt dolor nihil optio reprehenderit. Dolor asperiores et natus est. Ipsum quia eius aut eum perspiciatis sapiente. Quas et tempore quod. Tempore laborum quo ut.', '2018-03-22 04:22:19', '1978-07-16 16:45:42');
INSERT INTO `reviews` (`id`, `user_id`, `book_id`, `body`, `created_at`, `updated_at`) VALUES (17, 17, 17, 'Autem eum veniam cumque aut sit eos. Quia tenetur dolore et. Qui nemo earum dignissimos vero laborum corporis vitae.', '1991-09-24 19:01:11', '2015-11-01 09:34:28');
INSERT INTO `reviews` (`id`, `user_id`, `book_id`, `body`, `created_at`, `updated_at`) VALUES (18, 18, 18, 'Cum sapiente nostrum recusandae hic. Autem fugiat velit placeat ipsa minus officia. Est architecto ut et ut et nobis vero. Culpa excepturi dignissimos odit quisquam ut. Saepe aut repellendus earum harum maxime accusantium quo.', '1975-04-10 06:49:11', '2010-01-24 08:41:39');
INSERT INTO `reviews` (`id`, `user_id`, `book_id`, `body`, `created_at`, `updated_at`) VALUES (19, 19, 19, 'Et doloribus debitis fugit molestiae. Modi molestiae quod ut quo blanditiis. Quia qui eaque itaque necessitatibus voluptatibus. Facilis soluta vel earum facilis porro.', '1981-02-16 17:03:53', '1995-07-13 11:15:49');
INSERT INTO `reviews` (`id`, `user_id`, `book_id`, `body`, `created_at`, `updated_at`) VALUES (20, 20, 20, 'Ea facilis quia id. Hic totam aut corporis consequatur eos. Quidem dolor possimus nihil provident dolor in distinctio et. Corporis et sunt iste natus qui.', '2005-04-05 17:29:40', '2019-10-17 12:43:41');
INSERT INTO `reviews` (`id`, `user_id`, `book_id`, `body`, `created_at`, `updated_at`) VALUES (21, 1, 21, 'Ut est eius sit. Maiores ducimus ipsam dolore neque totam nihil et. Facere quibusdam minima nisi ut explicabo. Nostrum blanditiis qui est sunt ea nam. Quia aliquid quia deleniti sunt ut et et.', '1994-02-16 01:51:22', '1982-01-30 04:00:31');
INSERT INTO `reviews` (`id`, `user_id`, `book_id`, `body`, `created_at`, `updated_at`) VALUES (22, 2, 22, 'Placeat praesentium et ipsa voluptatem voluptatem earum soluta. Ipsa minima aspernatur saepe corporis autem qui. Aut est sit consequatur ex dolores recusandae. Dolorem est esse iusto ut doloribus quasi et.', '2007-09-26 21:19:13', '2008-05-02 14:15:16');
INSERT INTO `reviews` (`id`, `user_id`, `book_id`, `body`, `created_at`, `updated_at`) VALUES (23, 3, 23, 'Aperiam maiores molestiae suscipit explicabo. Deserunt ut beatae deleniti nesciunt. Nihil qui voluptas id consequatur.', '2010-03-18 08:25:16', '1992-04-03 19:51:02');
INSERT INTO `reviews` (`id`, `user_id`, `book_id`, `body`, `created_at`, `updated_at`) VALUES (24, 4, 24, 'Voluptates nesciunt eos ut explicabo ut harum aut laborum. Sed dolores qui qui quaerat. Ipsum ipsa totam ea quos molestias consequatur pariatur.', '1983-05-16 02:55:12', '2018-09-12 20:11:59');
INSERT INTO `reviews` (`id`, `user_id`, `book_id`, `body`, `created_at`, `updated_at`) VALUES (25, 5, 25, 'Et minus rerum a velit. Sed deserunt sit ullam omnis. Tempore consequatur aut fugit exercitationem quia voluptatibus tenetur. Placeat ipsum necessitatibus ut totam optio.', '2001-07-07 09:04:20', '1999-06-25 20:27:05');
INSERT INTO `reviews` (`id`, `user_id`, `book_id`, `body`, `created_at`, `updated_at`) VALUES (26, 6, 26, 'Voluptate praesentium id placeat. Quia sed non eum officia ex. Aut officia qui quod voluptatem animi mollitia. Voluptas tenetur ex eos quis vitae non.', '1981-11-02 21:56:43', '2007-09-11 06:51:57');
INSERT INTO `reviews` (`id`, `user_id`, `book_id`, `body`, `created_at`, `updated_at`) VALUES (27, 7, 27, 'Ut velit corrupti tempore consequuntur iusto impedit quia. Quis natus accusamus fuga nihil et quas odit. Dolor repellendus ea ratione quisquam harum aut qui. Autem libero eos praesentium numquam eos in eaque.', '2017-04-17 09:14:33', '2021-01-07 06:37:22');
INSERT INTO `reviews` (`id`, `user_id`, `book_id`, `body`, `created_at`, `updated_at`) VALUES (28, 8, 28, 'Aperiam quasi minima rerum omnis. Autem et sequi atque dolorem nulla sed. Odit quidem ducimus illum perspiciatis. Animi corrupti inventore qui harum est.', '1977-03-19 11:49:34', '2012-07-30 05:02:10');
INSERT INTO `reviews` (`id`, `user_id`, `book_id`, `body`, `created_at`, `updated_at`) VALUES (29, 9, 29, 'Rem mollitia eum dolorem et rerum vel. Fugit et et iste dolorem. Exercitationem ut est ut minus atque dolor quos accusamus.', '2006-10-21 23:25:05', '1972-09-25 04:17:09');
INSERT INTO `reviews` (`id`, `user_id`, `book_id`, `body`, `created_at`, `updated_at`) VALUES (30, 10, 30, 'Pariatur cumque voluptas pariatur quas. Eius ut similique facere provident id consequatur. Quidem et quaerat in doloribus.', '1996-01-12 19:04:17', '1991-06-26 04:25:51');
INSERT INTO `reviews` (`id`, `user_id`, `book_id`, `body`, `created_at`, `updated_at`) VALUES (31, 11, 31, 'Neque est eveniet et qui. Distinctio laudantium sed et itaque. Veniam non vel aut voluptates enim omnis et.', '1990-10-26 19:14:30', '2006-05-05 20:36:26');
INSERT INTO `reviews` (`id`, `user_id`, `book_id`, `body`, `created_at`, `updated_at`) VALUES (32, 12, 32, 'Facere optio dolorem aut incidunt consequatur dicta atque. Et est possimus laboriosam est veritatis a. Expedita architecto rerum ipsam optio beatae.', '2017-08-17 22:42:37', '2003-08-20 18:33:21');
INSERT INTO `reviews` (`id`, `user_id`, `book_id`, `body`, `created_at`, `updated_at`) VALUES (33, 13, 33, 'Soluta quo dolorem rerum rerum porro corporis. Hic ut occaecati ea cupiditate voluptas. Culpa recusandae ea natus suscipit beatae quia optio culpa. Perferendis sunt sequi cumque eligendi dolorum aliquid. Qui ratione voluptatibus consequatur tenetur.', '2007-12-30 11:06:08', '2006-08-19 05:24:31');
INSERT INTO `reviews` (`id`, `user_id`, `book_id`, `body`, `created_at`, `updated_at`) VALUES (34, 14, 34, 'Et veritatis officia magni. Aut similique occaecati fuga. Quisquam est laborum doloribus esse.', '1999-12-26 21:17:38', '1996-06-08 18:28:20');
INSERT INTO `reviews` (`id`, `user_id`, `book_id`, `body`, `created_at`, `updated_at`) VALUES (35, 15, 35, 'Repellat omnis et dignissimos nihil porro in. Autem omnis itaque reprehenderit cum expedita. Qui qui numquam sed sequi.', '2017-04-29 09:09:05', '1991-08-21 01:54:06');
INSERT INTO `reviews` (`id`, `user_id`, `book_id`, `body`, `created_at`, `updated_at`) VALUES (36, 16, 36, 'Quisquam et corporis at explicabo quis alias laboriosam. Repellendus laboriosam consequatur ut sed et ad. Molestias a officiis commodi sed quo nulla. Et molestias ad quo minima necessitatibus quia.', '2019-02-17 22:08:11', '1985-02-12 04:07:42');
INSERT INTO `reviews` (`id`, `user_id`, `book_id`, `body`, `created_at`, `updated_at`) VALUES (37, 17, 37, 'Omnis consequatur non qui voluptatem pariatur sed enim. Harum vel saepe velit iusto omnis. Quia velit ullam tempora consequatur. Pariatur eos non aliquid dolorem.', '1972-11-02 04:10:39', '2016-02-16 15:36:05');
INSERT INTO `reviews` (`id`, `user_id`, `book_id`, `body`, `created_at`, `updated_at`) VALUES (38, 18, 38, 'Nostrum ut impedit porro dolore dolores neque. Eligendi sit est veritatis quidem ipsam cumque. Consectetur assumenda molestiae quo aliquid. Quis sint sed inventore non. Aut est accusantium explicabo modi cumque doloremque ea.', '2002-06-19 13:10:48', '2016-09-11 13:54:20');
INSERT INTO `reviews` (`id`, `user_id`, `book_id`, `body`, `created_at`, `updated_at`) VALUES (39, 19, 39, 'Error optio sunt numquam maxime. Aliquam consequuntur esse repellat in vitae consectetur qui. Iure reiciendis expedita temporibus perspiciatis inventore molestias voluptatem. Et recusandae id culpa recusandae.', '1981-06-26 14:13:15', '2010-01-06 09:28:40');
INSERT INTO `reviews` (`id`, `user_id`, `book_id`, `body`, `created_at`, `updated_at`) VALUES (40, 20, 40, 'Dolores voluptatem et sunt. Veritatis saepe est facilis voluptas magni. Laboriosam officia mollitia culpa alias quos non. Consectetur et dolorem itaque dolorem fugiat rerum est quia. Porro eveniet accusamus commodi dolor aut natus magni.', '1990-01-22 02:06:17', '2016-03-23 05:23:25');
INSERT INTO `reviews` (`id`, `user_id`, `book_id`, `body`, `created_at`, `updated_at`) VALUES (41, 1, 41, 'Earum voluptatibus eligendi incidunt aliquid laborum provident cumque fugit. Esse et alias et id itaque vero consequatur. Cumque nulla molestias in doloremque omnis voluptatem dolorem. Autem et reprehenderit magni et ex.', '1986-06-11 17:49:50', '1980-04-14 20:19:18');
INSERT INTO `reviews` (`id`, `user_id`, `book_id`, `body`, `created_at`, `updated_at`) VALUES (42, 2, 42, 'Qui iusto fuga quas aut omnis qui. Qui enim aut ipsam vitae est. Facere enim blanditiis dignissimos corporis distinctio eligendi ab.', '1985-05-19 10:03:36', '1984-09-10 14:32:18');
INSERT INTO `reviews` (`id`, `user_id`, `book_id`, `body`, `created_at`, `updated_at`) VALUES (43, 3, 43, 'Et natus ea qui officia. Perspiciatis alias beatae non ut. Unde vel atque veniam rerum incidunt placeat amet asperiores. Qui sit sint inventore dolorem quia.', '1981-07-01 11:25:01', '1977-06-20 20:03:46');
INSERT INTO `reviews` (`id`, `user_id`, `book_id`, `body`, `created_at`, `updated_at`) VALUES (44, 4, 44, 'Expedita sint ipsam autem distinctio fuga et eum rerum. Dolores consequuntur pariatur necessitatibus nihil. Commodi et qui quod qui quas totam culpa. Voluptatem vero earum iusto quo.', '1977-08-03 14:42:25', '1997-06-05 20:37:00');
INSERT INTO `reviews` (`id`, `user_id`, `book_id`, `body`, `created_at`, `updated_at`) VALUES (45, 5, 45, 'At eius molestiae placeat quaerat quo adipisci aut. Omnis voluptatibus autem vero enim facere velit accusamus. Et dolorem et minus aliquid sequi ut dolor.', '2006-11-20 15:18:41', '2006-07-20 19:37:44');
INSERT INTO `reviews` (`id`, `user_id`, `book_id`, `body`, `created_at`, `updated_at`) VALUES (46, 6, 46, 'Aut voluptatem eum dolores eveniet facere. Molestiae voluptas quasi quia autem.', '2011-07-21 07:54:23', '1999-06-20 14:11:13');
INSERT INTO `reviews` (`id`, `user_id`, `book_id`, `body`, `created_at`, `updated_at`) VALUES (47, 7, 47, 'Amet harum dolor et quasi ipsam dicta. Sed dolorem exercitationem deserunt consequuntur. Accusantium hic dolore rerum quia delectus cupiditate maxime officia. Incidunt veniam corporis natus quis fugit quibusdam.', '1971-02-21 15:18:14', '2004-08-06 18:18:11');
INSERT INTO `reviews` (`id`, `user_id`, `book_id`, `body`, `created_at`, `updated_at`) VALUES (48, 8, 48, 'Repudiandae eligendi consequuntur corporis quod aspernatur ratione et. Nisi aspernatur aut occaecati minima voluptas. Placeat aliquid ut eius consequuntur quos voluptatem eos maiores. Voluptatibus sit illum reiciendis rerum aut.', '2002-02-23 00:45:02', '1979-08-24 22:00:14');
INSERT INTO `reviews` (`id`, `user_id`, `book_id`, `body`, `created_at`, `updated_at`) VALUES (49, 9, 49, 'Qui ut rerum harum dolor minima et amet. Nam qui quis provident sit dolorem. Harum et est enim esse sit neque.', '1981-12-04 00:22:35', '1973-08-11 21:33:27');
INSERT INTO `reviews` (`id`, `user_id`, `book_id`, `body`, `created_at`, `updated_at`) VALUES (50, 10, 50, 'Ex architecto cupiditate neque dolor quia occaecati temporibus. Ab id delectus qui accusantium. Enim dolores eligendi voluptas id impedit qui laborum.', '1984-01-12 01:18:05', '1995-05-25 02:20:54');
INSERT INTO `reviews` (`id`, `user_id`, `book_id`, `body`, `created_at`, `updated_at`) VALUES (51, 11, 51, 'Repudiandae ipsum porro culpa fugit modi quia libero aut. Corrupti quia quia repellat. Et officia aut animi.', '1970-05-10 01:05:57', '1995-09-30 05:44:58');
INSERT INTO `reviews` (`id`, `user_id`, `book_id`, `body`, `created_at`, `updated_at`) VALUES (52, 12, 52, 'Rerum aut aut rerum qui occaecati repellat. Ut dolor praesentium est repellendus aut laudantium. Dolorem illo qui quisquam eos odio sunt.', '1991-05-15 15:16:45', '1978-01-13 09:51:15');
INSERT INTO `reviews` (`id`, `user_id`, `book_id`, `body`, `created_at`, `updated_at`) VALUES (53, 13, 53, 'Commodi assumenda et et aut assumenda. Dignissimos autem quis est quo ullam amet neque. Sit quibusdam atque quo nihil. Quia autem est aut quos voluptas maiores.', '2005-06-23 05:48:03', '1993-07-12 15:30:24');
INSERT INTO `reviews` (`id`, `user_id`, `book_id`, `body`, `created_at`, `updated_at`) VALUES (54, 14, 54, 'Earum eius id eaque voluptatem ducimus. Velit doloribus libero dolorem ut ex architecto. Ut tenetur laudantium ea tenetur alias optio atque doloremque. Id quaerat illum omnis ad quasi veritatis omnis.', '2000-10-25 23:26:24', '1986-08-14 15:56:22');
INSERT INTO `reviews` (`id`, `user_id`, `book_id`, `body`, `created_at`, `updated_at`) VALUES (55, 15, 55, 'Vitae pariatur ex nulla rerum. Ut deserunt impedit ut ea cupiditate. Illo earum mollitia expedita omnis voluptatem deserunt nesciunt. Pariatur quam sunt facilis impedit aut aspernatur.', '2011-08-23 07:43:20', '2010-04-09 07:49:35');
INSERT INTO `reviews` (`id`, `user_id`, `book_id`, `body`, `created_at`, `updated_at`) VALUES (56, 16, 56, 'Reiciendis consequuntur consequatur reiciendis labore placeat consequatur sint eius. Odit iusto dolorem aut veniam aut. Aut molestiae aliquid vitae cumque quo aut cupiditate quis.', '2018-02-12 02:50:37', '2017-07-07 03:38:52');
INSERT INTO `reviews` (`id`, `user_id`, `book_id`, `body`, `created_at`, `updated_at`) VALUES (57, 17, 57, 'Quia et veniam tempore facere error enim provident neque. Nam quia ab ad. Aut natus dolore quisquam earum ex ut quis dignissimos.', '1989-10-31 10:09:50', '2017-04-10 21:01:19');
INSERT INTO `reviews` (`id`, `user_id`, `book_id`, `body`, `created_at`, `updated_at`) VALUES (58, 18, 58, 'Eius ipsa fuga ipsam architecto commodi asperiores. Sit impedit necessitatibus voluptatem delectus quia et vel sapiente. Deleniti fugit delectus cumque et atque recusandae.', '1996-12-20 17:21:35', '2011-08-01 19:49:45');
INSERT INTO `reviews` (`id`, `user_id`, `book_id`, `body`, `created_at`, `updated_at`) VALUES (59, 19, 59, 'Fuga odio eius laudantium debitis. Mollitia id itaque voluptas neque impedit. Sequi nihil voluptatem atque sunt.', '1997-10-15 21:57:37', '2013-03-10 17:40:47');
INSERT INTO `reviews` (`id`, `user_id`, `book_id`, `body`, `created_at`, `updated_at`) VALUES (60, 20, 60, 'Mollitia aut excepturi inventore ut autem. Debitis impedit rerum unde rerum aut voluptatem. Optio tempore accusantium autem porro omnis aspernatur.', '1982-10-06 01:31:58', '2016-06-20 18:49:01');
INSERT INTO `reviews` (`id`, `user_id`, `book_id`, `body`, `created_at`, `updated_at`) VALUES (61, 1, 61, 'Expedita aut voluptas alias pariatur sed error. Deserunt voluptatem rem dolores enim occaecati non assumenda. Eum qui maiores qui.', '2011-09-20 06:10:08', '1976-08-24 13:39:10');
INSERT INTO `reviews` (`id`, `user_id`, `book_id`, `body`, `created_at`, `updated_at`) VALUES (62, 2, 62, 'Voluptatibus facere nostrum accusamus soluta dolore. Sint dolor cumque expedita numquam sequi. Sed voluptatum omnis repellat quae porro at eum quia. Magni provident est ea adipisci.', '2003-09-16 01:55:33', '1983-06-03 03:42:09');
INSERT INTO `reviews` (`id`, `user_id`, `book_id`, `body`, `created_at`, `updated_at`) VALUES (63, 3, 63, 'Aliquam sit doloremque blanditiis accusamus. Quos dolore facilis nulla. Ipsa consectetur laboriosam nam perferendis vel vel nemo.', '1984-03-14 19:38:47', '1995-10-04 22:42:34');
INSERT INTO `reviews` (`id`, `user_id`, `book_id`, `body`, `created_at`, `updated_at`) VALUES (64, 4, 64, 'Sunt recusandae qui est totam nisi repellendus enim. Est aliquam dolor minus sit quia sed quisquam. Reiciendis ut temporibus corrupti facilis. Deleniti assumenda reiciendis cum rerum quidem ullam.', '2005-07-25 14:23:08', '2004-10-07 16:06:45');
INSERT INTO `reviews` (`id`, `user_id`, `book_id`, `body`, `created_at`, `updated_at`) VALUES (65, 5, 65, 'Quaerat dignissimos aut esse nemo accusantium sed. Dolores temporibus reprehenderit voluptate consequuntur sit. Natus rem et animi explicabo aliquam.', '1989-10-24 10:26:21', '2013-04-21 17:28:28');
INSERT INTO `reviews` (`id`, `user_id`, `book_id`, `body`, `created_at`, `updated_at`) VALUES (66, 6, 66, 'Deleniti eaque eum possimus ut. Veniam ab sunt in id. Velit nihil voluptatem magni debitis repellendus. Quo assumenda debitis illo atque eos quia illum.', '2004-09-27 11:40:23', '2010-02-19 17:46:19');
INSERT INTO `reviews` (`id`, `user_id`, `book_id`, `body`, `created_at`, `updated_at`) VALUES (67, 7, 67, 'Error sed non adipisci quo. Voluptatem laboriosam pariatur consequuntur inventore qui. Cumque odio dolorum tenetur molestias. Et libero quis et. Consectetur velit consectetur voluptatem consequatur provident.', '2004-07-06 10:32:06', '2009-10-16 15:53:59');
INSERT INTO `reviews` (`id`, `user_id`, `book_id`, `body`, `created_at`, `updated_at`) VALUES (68, 8, 68, 'Itaque magnam perspiciatis assumenda quam. Ad harum et dolores rerum eum vel labore. At dolor tempora voluptatibus voluptatem et.', '1984-04-05 18:46:27', '1971-12-02 11:35:45');
INSERT INTO `reviews` (`id`, `user_id`, `book_id`, `body`, `created_at`, `updated_at`) VALUES (69, 9, 69, 'Optio et soluta officia sint quia numquam facilis. Vero quo ullam quis et id et dolorem.', '1981-11-14 00:58:24', '1974-01-25 23:13:26');
INSERT INTO `reviews` (`id`, `user_id`, `book_id`, `body`, `created_at`, `updated_at`) VALUES (70, 10, 70, 'Est est illo vero veritatis voluptatem. Ullam dicta beatae nulla natus repellendus enim consequatur. Nobis impedit iusto praesentium quidem. Rerum consequuntur laboriosam quia ut corporis nihil vel dignissimos. Quia eaque ut similique quasi tempora qui enim qui.', '2010-09-18 05:03:24', '1977-11-25 14:28:38');
INSERT INTO `reviews` (`id`, `user_id`, `book_id`, `body`, `created_at`, `updated_at`) VALUES (71, 11, 71, 'Ea sit deleniti deserunt sed rem. Laborum cumque sapiente quidem autem quam incidunt. Nam quod repellat voluptas. Nobis consequuntur et amet.', '1971-06-11 19:35:21', '1991-07-14 04:23:33');
INSERT INTO `reviews` (`id`, `user_id`, `book_id`, `body`, `created_at`, `updated_at`) VALUES (72, 12, 72, 'Nesciunt quia maiores culpa. Dolorum sint in est accusamus consequatur delectus. Molestias rerum sunt ut repellendus deserunt quis nam minima. Quo nihil enim repellat quos hic sed architecto.', '1973-11-12 13:20:23', '1975-04-30 03:56:28');
INSERT INTO `reviews` (`id`, `user_id`, `book_id`, `body`, `created_at`, `updated_at`) VALUES (73, 13, 73, 'Iure omnis esse quod cumque animi. Voluptatem omnis minus eaque aliquam voluptatem voluptatem. Harum vel iure necessitatibus et.', '1978-03-20 18:56:59', '1970-02-12 21:26:48');
INSERT INTO `reviews` (`id`, `user_id`, `book_id`, `body`, `created_at`, `updated_at`) VALUES (74, 14, 74, 'Consectetur maxime earum magni et illum et voluptas. Excepturi quia totam sed amet inventore amet. Impedit ut consectetur aut quo earum atque cum. Iure sit non culpa deserunt modi. Nisi voluptatem maxime rerum ad quia.', '1981-02-20 11:22:40', '1980-10-13 15:28:58');
INSERT INTO `reviews` (`id`, `user_id`, `book_id`, `body`, `created_at`, `updated_at`) VALUES (75, 15, 75, 'Repellendus nobis velit tempore nesciunt facere totam fuga. Adipisci magni odio explicabo placeat nemo et. Doloribus distinctio eos et autem qui.', '1976-10-11 16:09:54', '1988-04-11 11:42:08');
INSERT INTO `reviews` (`id`, `user_id`, `book_id`, `body`, `created_at`, `updated_at`) VALUES (76, 16, 76, 'Rerum distinctio quod eum voluptatem laboriosam architecto modi. Vel enim officiis consequuntur sapiente. Rerum distinctio velit quia aliquid. Quasi libero nostrum fugiat deserunt temporibus rem.', '2020-07-14 20:08:26', '2017-08-30 06:35:27');
INSERT INTO `reviews` (`id`, `user_id`, `book_id`, `body`, `created_at`, `updated_at`) VALUES (77, 17, 77, 'Facere laborum tempora dignissimos enim non qui voluptas. Recusandae ut at harum id a recusandae non architecto. Est dolore eum magnam.', '2013-04-05 19:31:00', '1988-08-08 01:17:55');
INSERT INTO `reviews` (`id`, `user_id`, `book_id`, `body`, `created_at`, `updated_at`) VALUES (78, 18, 78, 'Dolorum animi ad repellat et mollitia magni et. Deserunt est eos cumque laborum modi illum voluptas. Consequatur impedit non non consequatur commodi quod omnis. Deleniti hic libero aut blanditiis hic nostrum.', '1995-10-17 19:37:57', '2010-04-08 16:33:12');
INSERT INTO `reviews` (`id`, `user_id`, `book_id`, `body`, `created_at`, `updated_at`) VALUES (79, 19, 79, 'Molestiae voluptatem dicta quae omnis qui aut neque vel. Deleniti qui et aut est libero omnis. Quis porro officiis suscipit. Natus fugit aliquid dolorum autem vero a minima.', '2001-06-29 19:03:54', '1997-10-02 17:10:13');
INSERT INTO `reviews` (`id`, `user_id`, `book_id`, `body`, `created_at`, `updated_at`) VALUES (80, 20, 80, 'Veritatis earum ut inventore aut. Minima dolorem itaque repellat non. Recusandae tempore et maiores neque fugit quos ducimus et.', '1998-03-05 23:47:45', '1989-07-06 09:44:22');
INSERT INTO `reviews` (`id`, `user_id`, `book_id`, `body`, `created_at`, `updated_at`) VALUES (81, 1, 81, 'Tenetur sit cupiditate dolorum accusantium eos praesentium reiciendis. Autem laboriosam ullam laborum vel autem ad. Quam et amet quaerat ea molestiae vitae.', '2015-01-16 10:51:15', '2020-05-29 14:34:20');
INSERT INTO `reviews` (`id`, `user_id`, `book_id`, `body`, `created_at`, `updated_at`) VALUES (82, 2, 82, 'Sed amet officia maiores voluptatem porro expedita ducimus excepturi. Recusandae omnis qui ut mollitia. Ipsam laboriosam earum totam iure. Mollitia et aut id deserunt autem sapiente atque. Ducimus architecto tempora tempore sint nam alias.', '1985-01-27 07:31:24', '2009-11-23 11:22:16');
INSERT INTO `reviews` (`id`, `user_id`, `book_id`, `body`, `created_at`, `updated_at`) VALUES (83, 3, 83, 'Impedit eum totam dolores fuga reiciendis sunt. Id minus quidem nam possimus fugiat commodi facere. Dicta illo aut vel quo doloribus sed perspiciatis. Autem beatae cumque sint culpa enim voluptatem.', '1988-01-03 21:33:25', '2003-04-16 06:28:17');
INSERT INTO `reviews` (`id`, `user_id`, `book_id`, `body`, `created_at`, `updated_at`) VALUES (84, 4, 84, 'Assumenda rerum qui autem. Ut laudantium consequatur perferendis placeat quia repellat laborum molestiae.', '1991-09-29 09:04:47', '2020-11-17 09:21:47');
INSERT INTO `reviews` (`id`, `user_id`, `book_id`, `body`, `created_at`, `updated_at`) VALUES (85, 5, 85, 'Qui et placeat est perferendis amet. Ab omnis numquam minus dolorem. Iste temporibus voluptas esse dolores voluptatem perspiciatis laboriosam. Excepturi eos et voluptas vitae et a repellendus.', '1998-10-09 16:41:07', '2002-12-21 17:59:25');
INSERT INTO `reviews` (`id`, `user_id`, `book_id`, `body`, `created_at`, `updated_at`) VALUES (86, 6, 86, 'Totam ex quis sit aliquam natus nesciunt quis. Non quam dolor magni odit laudantium et officiis. Architecto officia praesentium aut nobis velit numquam. Dignissimos vel dolorem quibusdam est ratione.', '1971-10-05 10:01:00', '1986-10-30 15:07:40');
INSERT INTO `reviews` (`id`, `user_id`, `book_id`, `body`, `created_at`, `updated_at`) VALUES (87, 7, 87, 'Quia odio harum et maxime praesentium sunt. Ab eaque et sunt dolores ipsam magni. Aut aut provident quas accusantium qui esse. Voluptates voluptas voluptates quaerat incidunt non iusto ducimus.', '1988-02-14 15:26:58', '2009-07-19 11:28:36');
INSERT INTO `reviews` (`id`, `user_id`, `book_id`, `body`, `created_at`, `updated_at`) VALUES (88, 8, 88, 'Nemo et consequatur est velit laudantium. Non quo ea dicta fugiat ipsam ipsam. Suscipit maiores odit molestiae. Consequatur delectus sed doloremque ipsam consequatur ad aut.', '2007-06-22 08:06:02', '2002-12-31 06:46:20');
INSERT INTO `reviews` (`id`, `user_id`, `book_id`, `body`, `created_at`, `updated_at`) VALUES (89, 9, 89, 'Rerum velit et numquam velit quo consequuntur dolor. Molestiae vel libero recusandae reprehenderit possimus ut. Eos quisquam necessitatibus aut ad. Vero alias voluptas et rerum quo.', '1990-02-14 17:26:33', '2014-02-24 12:26:07');
INSERT INTO `reviews` (`id`, `user_id`, `book_id`, `body`, `created_at`, `updated_at`) VALUES (90, 10, 90, 'Qui hic doloremque quia rerum tempora perferendis. Vero nostrum ex doloribus quia numquam quaerat eum. Ab culpa quae quam earum.', '1976-04-22 17:48:20', '1989-07-11 03:30:39');
INSERT INTO `reviews` (`id`, `user_id`, `book_id`, `body`, `created_at`, `updated_at`) VALUES (91, 11, 91, 'Eos voluptatibus deleniti quia magnam quia. Maxime facilis ratione qui aut quas corrupti odit. Eaque et amet sint et dolorem maiores voluptas. Asperiores recusandae soluta incidunt quia tenetur officia.', '1987-04-12 07:28:10', '1986-12-29 01:37:08');
INSERT INTO `reviews` (`id`, `user_id`, `book_id`, `body`, `created_at`, `updated_at`) VALUES (92, 12, 92, 'Voluptatem non labore dolorem laborum. Qui dolore laboriosam voluptas cum earum aut nihil laboriosam. Et voluptatem aliquam numquam voluptate nemo impedit omnis eligendi. Voluptates omnis natus et possimus facilis itaque.', '2002-11-28 08:31:36', '2016-03-17 20:12:44');
INSERT INTO `reviews` (`id`, `user_id`, `book_id`, `body`, `created_at`, `updated_at`) VALUES (93, 13, 93, 'Rem et occaecati dolor velit. Qui et natus est libero. Provident nisi nemo voluptas voluptatem et et architecto nisi.', '1998-09-08 03:17:35', '2010-01-15 05:08:24');
INSERT INTO `reviews` (`id`, `user_id`, `book_id`, `body`, `created_at`, `updated_at`) VALUES (94, 14, 94, 'Molestiae aspernatur ea eligendi atque facilis. Quis neque omnis voluptates harum. Incidunt veniam quaerat rerum qui consectetur itaque qui.', '2020-07-02 02:31:30', '2018-05-19 05:38:06');
INSERT INTO `reviews` (`id`, `user_id`, `book_id`, `body`, `created_at`, `updated_at`) VALUES (95, 15, 95, 'Dolore non quia numquam officia ex ea. Ut nam ex incidunt recusandae atque incidunt. Labore nostrum tempora mollitia.', '1994-04-01 23:44:54', '2001-11-07 13:01:49');
INSERT INTO `reviews` (`id`, `user_id`, `book_id`, `body`, `created_at`, `updated_at`) VALUES (96, 16, 96, 'Consectetur doloremque expedita est hic possimus voluptatibus. Illo nobis et fuga aut quis facilis. Minima quis sint voluptatem deleniti id qui sit ut. Rerum et dolor aut beatae nobis sunt.', '2013-04-23 18:14:06', '2005-04-02 06:32:38');
INSERT INTO `reviews` (`id`, `user_id`, `book_id`, `body`, `created_at`, `updated_at`) VALUES (97, 17, 97, 'Qui assumenda aut aut similique voluptatem sunt deleniti amet. Natus quae consequatur voluptas. Doloribus nostrum illum et similique ratione. Et voluptates error voluptas similique vitae.', '2013-01-02 18:27:13', '2000-07-14 19:55:39');
INSERT INTO `reviews` (`id`, `user_id`, `book_id`, `body`, `created_at`, `updated_at`) VALUES (98, 18, 98, 'Quisquam sunt minima harum ducimus voluptatibus. Quod in facere nemo vel odio consectetur. Atque nobis quaerat et consequatur libero porro molestiae. Sit a fugit incidunt autem accusamus voluptatibus.', '2018-05-01 14:55:13', '2015-08-18 16:04:27');
INSERT INTO `reviews` (`id`, `user_id`, `book_id`, `body`, `created_at`, `updated_at`) VALUES (99, 19, 99, 'Nulla ut non odit sunt. Nostrum quaerat iste aut sit iure.', '2010-01-30 13:02:12', '1975-01-10 11:15:32');
INSERT INTO `reviews` (`id`, `user_id`, `book_id`, `body`, `created_at`, `updated_at`) VALUES (100, 20, 100, 'Ut et in quia ad voluptatem libero necessitatibus. Id quas vitae voluptatibus voluptas. Quasi modi rerum molestias minus dicta quae illum ea.', '1982-07-17 18:14:38', '1996-04-28 23:24:09');


-- wishlist

INSERT INTO `wishlist` (`id`, `user_id`, `book_id`, `is_read`, `created_at`, `updated_at`) VALUES (1, 1, 1, 1, '1977-02-05 10:26:11', '1994-06-03 01:12:06');
INSERT INTO `wishlist` (`id`, `user_id`, `book_id`, `is_read`, `created_at`, `updated_at`) VALUES (2, 2, 2, 0, '1974-12-09 01:27:28', '1994-10-04 11:46:13');
INSERT INTO `wishlist` (`id`, `user_id`, `book_id`, `is_read`, `created_at`, `updated_at`) VALUES (3, 3, 3, 1, '2005-05-25 02:21:11', '2013-09-12 08:36:45');
INSERT INTO `wishlist` (`id`, `user_id`, `book_id`, `is_read`, `created_at`, `updated_at`) VALUES (4, 4, 4, 1, '1979-06-01 08:32:17', '1987-03-24 20:01:06');
INSERT INTO `wishlist` (`id`, `user_id`, `book_id`, `is_read`, `created_at`, `updated_at`) VALUES (5, 5, 5, 0, '1975-08-07 10:20:59', '1996-04-15 13:59:12');
INSERT INTO `wishlist` (`id`, `user_id`, `book_id`, `is_read`, `created_at`, `updated_at`) VALUES (6, 6, 6, 1, '1997-05-20 00:44:12', '1990-09-11 01:58:45');
INSERT INTO `wishlist` (`id`, `user_id`, `book_id`, `is_read`, `created_at`, `updated_at`) VALUES (7, 7, 7, 0, '1980-04-24 08:45:12', '2001-10-31 23:30:18');
INSERT INTO `wishlist` (`id`, `user_id`, `book_id`, `is_read`, `created_at`, `updated_at`) VALUES (8, 8, 8, 0, '1981-11-30 04:04:42', '1999-09-27 04:03:27');
INSERT INTO `wishlist` (`id`, `user_id`, `book_id`, `is_read`, `created_at`, `updated_at`) VALUES (9, 9, 9, 0, '1972-04-05 22:51:49', '1998-08-07 02:23:33');
INSERT INTO `wishlist` (`id`, `user_id`, `book_id`, `is_read`, `created_at`, `updated_at`) VALUES (10, 10, 10, 0, '2001-08-25 15:45:06', '1999-11-01 14:03:02');
INSERT INTO `wishlist` (`id`, `user_id`, `book_id`, `is_read`, `created_at`, `updated_at`) VALUES (11, 11, 11, 0, '2020-08-19 18:29:24', '1985-03-16 14:47:49');
INSERT INTO `wishlist` (`id`, `user_id`, `book_id`, `is_read`, `created_at`, `updated_at`) VALUES (12, 12, 12, 0, '2012-01-21 12:22:52', '1990-08-16 13:10:33');
INSERT INTO `wishlist` (`id`, `user_id`, `book_id`, `is_read`, `created_at`, `updated_at`) VALUES (13, 13, 13, 0, '1989-08-09 06:19:40', '1985-03-12 19:36:56');
INSERT INTO `wishlist` (`id`, `user_id`, `book_id`, `is_read`, `created_at`, `updated_at`) VALUES (14, 14, 14, 1, '1982-01-29 06:04:57', '1970-08-10 08:50:14');
INSERT INTO `wishlist` (`id`, `user_id`, `book_id`, `is_read`, `created_at`, `updated_at`) VALUES (15, 15, 15, 1, '1973-07-05 08:13:53', '1983-10-10 23:32:53');
INSERT INTO `wishlist` (`id`, `user_id`, `book_id`, `is_read`, `created_at`, `updated_at`) VALUES (16, 16, 16, 0, '2008-03-20 21:22:55', '1991-06-09 04:36:58');
INSERT INTO `wishlist` (`id`, `user_id`, `book_id`, `is_read`, `created_at`, `updated_at`) VALUES (17, 17, 17, 0, '1999-03-14 09:41:08', '1990-07-28 00:55:49');
INSERT INTO `wishlist` (`id`, `user_id`, `book_id`, `is_read`, `created_at`, `updated_at`) VALUES (18, 18, 18, 1, '1977-10-22 03:43:32', '2001-10-05 20:42:19');
INSERT INTO `wishlist` (`id`, `user_id`, `book_id`, `is_read`, `created_at`, `updated_at`) VALUES (19, 19, 19, 1, '1978-04-01 08:03:10', '2020-10-21 10:57:09');
INSERT INTO `wishlist` (`id`, `user_id`, `book_id`, `is_read`, `created_at`, `updated_at`) VALUES (20, 20, 20, 1, '2012-04-14 01:28:13', '1978-01-25 11:03:24');
INSERT INTO `wishlist` (`id`, `user_id`, `book_id`, `is_read`, `created_at`, `updated_at`) VALUES (21, 1, 21, 1, '2012-02-23 05:49:28', '2007-06-18 23:06:49');
INSERT INTO `wishlist` (`id`, `user_id`, `book_id`, `is_read`, `created_at`, `updated_at`) VALUES (22, 2, 22, 1, '2016-09-04 09:24:08', '2019-05-05 03:41:11');
INSERT INTO `wishlist` (`id`, `user_id`, `book_id`, `is_read`, `created_at`, `updated_at`) VALUES (23, 3, 23, 1, '2006-11-12 11:00:37', '2000-08-04 20:35:31');
INSERT INTO `wishlist` (`id`, `user_id`, `book_id`, `is_read`, `created_at`, `updated_at`) VALUES (24, 4, 24, 1, '1978-02-04 06:04:01', '2008-04-08 12:53:51');
INSERT INTO `wishlist` (`id`, `user_id`, `book_id`, `is_read`, `created_at`, `updated_at`) VALUES (25, 5, 25, 0, '1989-10-22 07:52:49', '2006-12-12 11:27:50');
INSERT INTO `wishlist` (`id`, `user_id`, `book_id`, `is_read`, `created_at`, `updated_at`) VALUES (26, 6, 26, 1, '1984-02-05 23:18:32', '1982-01-29 04:10:23');
INSERT INTO `wishlist` (`id`, `user_id`, `book_id`, `is_read`, `created_at`, `updated_at`) VALUES (27, 7, 27, 0, '1971-08-22 03:07:22', '2007-07-24 23:52:16');
INSERT INTO `wishlist` (`id`, `user_id`, `book_id`, `is_read`, `created_at`, `updated_at`) VALUES (28, 8, 28, 1, '1993-05-14 18:16:11', '2004-09-28 20:14:33');
INSERT INTO `wishlist` (`id`, `user_id`, `book_id`, `is_read`, `created_at`, `updated_at`) VALUES (29, 9, 29, 0, '2015-09-18 01:52:35', '1973-09-17 02:29:58');
INSERT INTO `wishlist` (`id`, `user_id`, `book_id`, `is_read`, `created_at`, `updated_at`) VALUES (30, 10, 30, 1, '1988-07-11 01:58:15', '1995-09-30 11:20:02');
INSERT INTO `wishlist` (`id`, `user_id`, `book_id`, `is_read`, `created_at`, `updated_at`) VALUES (31, 11, 31, 0, '1979-05-11 17:34:10', '1998-08-06 08:51:12');
INSERT INTO `wishlist` (`id`, `user_id`, `book_id`, `is_read`, `created_at`, `updated_at`) VALUES (32, 12, 32, 1, '1974-07-10 09:06:52', '1990-04-20 12:02:56');
INSERT INTO `wishlist` (`id`, `user_id`, `book_id`, `is_read`, `created_at`, `updated_at`) VALUES (33, 13, 33, 0, '1975-10-27 16:27:30', '2008-02-14 19:21:10');
INSERT INTO `wishlist` (`id`, `user_id`, `book_id`, `is_read`, `created_at`, `updated_at`) VALUES (34, 14, 34, 0, '2002-01-06 16:52:20', '1975-01-27 17:42:42');
INSERT INTO `wishlist` (`id`, `user_id`, `book_id`, `is_read`, `created_at`, `updated_at`) VALUES (35, 15, 35, 0, '1978-09-29 17:57:36', '1972-06-28 02:46:48');
INSERT INTO `wishlist` (`id`, `user_id`, `book_id`, `is_read`, `created_at`, `updated_at`) VALUES (36, 16, 36, 1, '1975-04-10 03:52:31', '1976-05-06 13:07:50');
INSERT INTO `wishlist` (`id`, `user_id`, `book_id`, `is_read`, `created_at`, `updated_at`) VALUES (37, 17, 37, 0, '2015-01-28 18:23:09', '1994-01-12 17:50:53');
INSERT INTO `wishlist` (`id`, `user_id`, `book_id`, `is_read`, `created_at`, `updated_at`) VALUES (38, 18, 38, 0, '1972-03-14 21:56:58', '1975-12-20 19:31:47');
INSERT INTO `wishlist` (`id`, `user_id`, `book_id`, `is_read`, `created_at`, `updated_at`) VALUES (39, 19, 39, 1, '1976-05-14 13:55:46', '2003-01-09 08:46:40');
INSERT INTO `wishlist` (`id`, `user_id`, `book_id`, `is_read`, `created_at`, `updated_at`) VALUES (40, 20, 40, 0, '1998-07-31 04:57:38', '1974-02-08 03:37:54');
INSERT INTO `wishlist` (`id`, `user_id`, `book_id`, `is_read`, `created_at`, `updated_at`) VALUES (41, 1, 41, 0, '2008-07-17 01:50:57', '1972-02-06 19:54:46');
INSERT INTO `wishlist` (`id`, `user_id`, `book_id`, `is_read`, `created_at`, `updated_at`) VALUES (42, 2, 42, 1, '2000-08-18 06:49:46', '2000-03-13 16:56:48');
INSERT INTO `wishlist` (`id`, `user_id`, `book_id`, `is_read`, `created_at`, `updated_at`) VALUES (43, 3, 43, 0, '1988-06-01 09:18:00', '1980-12-20 07:51:20');
INSERT INTO `wishlist` (`id`, `user_id`, `book_id`, `is_read`, `created_at`, `updated_at`) VALUES (44, 4, 44, 0, '1980-05-27 14:23:01', '1980-01-12 20:14:06');
INSERT INTO `wishlist` (`id`, `user_id`, `book_id`, `is_read`, `created_at`, `updated_at`) VALUES (45, 5, 45, 1, '1974-12-26 08:03:31', '2008-02-28 02:21:08');
INSERT INTO `wishlist` (`id`, `user_id`, `book_id`, `is_read`, `created_at`, `updated_at`) VALUES (46, 6, 46, 1, '1994-03-18 14:57:29', '1983-10-11 10:16:10');
INSERT INTO `wishlist` (`id`, `user_id`, `book_id`, `is_read`, `created_at`, `updated_at`) VALUES (47, 7, 47, 0, '1981-02-23 04:39:00', '1994-04-14 08:27:02');
INSERT INTO `wishlist` (`id`, `user_id`, `book_id`, `is_read`, `created_at`, `updated_at`) VALUES (48, 8, 48, 0, '1987-02-05 03:36:44', '1999-12-16 12:12:27');
INSERT INTO `wishlist` (`id`, `user_id`, `book_id`, `is_read`, `created_at`, `updated_at`) VALUES (49, 9, 49, 1, '1990-09-18 08:12:25', '2020-10-03 13:30:21');
INSERT INTO `wishlist` (`id`, `user_id`, `book_id`, `is_read`, `created_at`, `updated_at`) VALUES (50, 10, 50, 0, '1972-03-16 23:17:30', '2018-09-12 14:18:30');
INSERT INTO `wishlist` (`id`, `user_id`, `book_id`, `is_read`, `created_at`, `updated_at`) VALUES (51, 11, 51, 0, '2004-02-01 23:13:37', '1971-02-25 03:46:30');
INSERT INTO `wishlist` (`id`, `user_id`, `book_id`, `is_read`, `created_at`, `updated_at`) VALUES (52, 12, 52, 1, '2002-12-12 06:05:21', '1973-08-07 13:03:25');
INSERT INTO `wishlist` (`id`, `user_id`, `book_id`, `is_read`, `created_at`, `updated_at`) VALUES (53, 13, 53, 1, '1974-11-07 14:04:13', '2017-04-20 01:53:55');
INSERT INTO `wishlist` (`id`, `user_id`, `book_id`, `is_read`, `created_at`, `updated_at`) VALUES (54, 14, 54, 0, '1987-01-11 17:25:21', '2014-02-03 00:02:01');
INSERT INTO `wishlist` (`id`, `user_id`, `book_id`, `is_read`, `created_at`, `updated_at`) VALUES (55, 15, 55, 0, '2000-12-21 01:33:11', '1998-06-18 23:37:49');
INSERT INTO `wishlist` (`id`, `user_id`, `book_id`, `is_read`, `created_at`, `updated_at`) VALUES (56, 16, 56, 0, '1983-01-19 22:35:09', '2009-04-23 07:30:05');
INSERT INTO `wishlist` (`id`, `user_id`, `book_id`, `is_read`, `created_at`, `updated_at`) VALUES (57, 17, 57, 1, '1992-05-21 03:07:32', '1999-06-16 02:18:59');
INSERT INTO `wishlist` (`id`, `user_id`, `book_id`, `is_read`, `created_at`, `updated_at`) VALUES (58, 18, 58, 0, '2013-09-12 11:39:01', '2016-09-26 13:11:55');
INSERT INTO `wishlist` (`id`, `user_id`, `book_id`, `is_read`, `created_at`, `updated_at`) VALUES (59, 19, 59, 1, '1985-03-22 08:32:50', '1994-05-03 14:58:47');
INSERT INTO `wishlist` (`id`, `user_id`, `book_id`, `is_read`, `created_at`, `updated_at`) VALUES (60, 20, 60, 1, '1978-08-02 05:31:04', '2010-05-15 12:11:15');
INSERT INTO `wishlist` (`id`, `user_id`, `book_id`, `is_read`, `created_at`, `updated_at`) VALUES (61, 1, 61, 0, '1996-03-03 01:23:41', '1986-11-25 11:14:38');
INSERT INTO `wishlist` (`id`, `user_id`, `book_id`, `is_read`, `created_at`, `updated_at`) VALUES (62, 2, 62, 0, '2008-10-22 09:56:00', '2007-09-29 23:57:30');
INSERT INTO `wishlist` (`id`, `user_id`, `book_id`, `is_read`, `created_at`, `updated_at`) VALUES (63, 3, 63, 1, '2010-09-20 17:03:27', '1984-01-20 22:19:36');
INSERT INTO `wishlist` (`id`, `user_id`, `book_id`, `is_read`, `created_at`, `updated_at`) VALUES (64, 4, 64, 1, '1973-05-28 15:54:42', '2018-09-26 20:45:03');
INSERT INTO `wishlist` (`id`, `user_id`, `book_id`, `is_read`, `created_at`, `updated_at`) VALUES (65, 5, 65, 1, '1975-04-07 17:06:59', '1998-05-28 23:46:52');
INSERT INTO `wishlist` (`id`, `user_id`, `book_id`, `is_read`, `created_at`, `updated_at`) VALUES (66, 6, 66, 0, '1991-12-16 13:41:14', '1994-04-23 15:29:52');
INSERT INTO `wishlist` (`id`, `user_id`, `book_id`, `is_read`, `created_at`, `updated_at`) VALUES (67, 7, 67, 0, '1977-08-18 03:52:13', '1982-12-10 12:21:47');
INSERT INTO `wishlist` (`id`, `user_id`, `book_id`, `is_read`, `created_at`, `updated_at`) VALUES (68, 8, 68, 0, '1974-04-04 03:35:14', '1986-02-20 19:09:08');
INSERT INTO `wishlist` (`id`, `user_id`, `book_id`, `is_read`, `created_at`, `updated_at`) VALUES (69, 9, 69, 0, '2017-07-02 05:00:35', '1993-12-15 20:35:15');
INSERT INTO `wishlist` (`id`, `user_id`, `book_id`, `is_read`, `created_at`, `updated_at`) VALUES (70, 10, 70, 1, '1997-03-16 12:47:48', '2012-09-19 11:42:45');
INSERT INTO `wishlist` (`id`, `user_id`, `book_id`, `is_read`, `created_at`, `updated_at`) VALUES (71, 11, 71, 0, '2013-05-28 23:20:36', '1974-02-14 06:13:55');
INSERT INTO `wishlist` (`id`, `user_id`, `book_id`, `is_read`, `created_at`, `updated_at`) VALUES (72, 12, 72, 0, '2020-08-09 05:37:15', '1973-07-16 16:08:57');
INSERT INTO `wishlist` (`id`, `user_id`, `book_id`, `is_read`, `created_at`, `updated_at`) VALUES (73, 13, 73, 0, '2008-03-08 12:13:32', '1979-09-21 07:03:00');
INSERT INTO `wishlist` (`id`, `user_id`, `book_id`, `is_read`, `created_at`, `updated_at`) VALUES (74, 14, 74, 1, '2003-12-10 02:20:37', '1996-05-21 04:29:32');
INSERT INTO `wishlist` (`id`, `user_id`, `book_id`, `is_read`, `created_at`, `updated_at`) VALUES (75, 15, 75, 1, '1976-10-03 03:58:44', '2004-08-30 22:46:22');
INSERT INTO `wishlist` (`id`, `user_id`, `book_id`, `is_read`, `created_at`, `updated_at`) VALUES (76, 16, 76, 1, '2005-03-03 12:36:32', '1985-07-19 15:45:36');
INSERT INTO `wishlist` (`id`, `user_id`, `book_id`, `is_read`, `created_at`, `updated_at`) VALUES (77, 17, 77, 1, '1977-06-28 16:19:09', '1996-07-29 05:30:10');
INSERT INTO `wishlist` (`id`, `user_id`, `book_id`, `is_read`, `created_at`, `updated_at`) VALUES (78, 18, 78, 0, '1980-07-21 22:35:52', '2020-08-13 08:57:16');
INSERT INTO `wishlist` (`id`, `user_id`, `book_id`, `is_read`, `created_at`, `updated_at`) VALUES (79, 19, 79, 1, '1986-02-02 07:26:47', '1971-08-09 20:15:49');
INSERT INTO `wishlist` (`id`, `user_id`, `book_id`, `is_read`, `created_at`, `updated_at`) VALUES (80, 20, 80, 0, '1999-06-10 19:45:48', '1981-12-19 22:22:52');
INSERT INTO `wishlist` (`id`, `user_id`, `book_id`, `is_read`, `created_at`, `updated_at`) VALUES (81, 1, 81, 1, '2008-04-17 22:43:37', '1979-02-02 02:49:50');
INSERT INTO `wishlist` (`id`, `user_id`, `book_id`, `is_read`, `created_at`, `updated_at`) VALUES (82, 2, 82, 0, '1991-12-30 20:59:23', '1990-12-13 22:13:22');
INSERT INTO `wishlist` (`id`, `user_id`, `book_id`, `is_read`, `created_at`, `updated_at`) VALUES (83, 3, 83, 1, '1974-02-26 22:41:22', '2017-09-14 01:27:07');
INSERT INTO `wishlist` (`id`, `user_id`, `book_id`, `is_read`, `created_at`, `updated_at`) VALUES (84, 4, 84, 0, '2010-09-07 19:57:14', '2000-02-18 16:09:33');
INSERT INTO `wishlist` (`id`, `user_id`, `book_id`, `is_read`, `created_at`, `updated_at`) VALUES (85, 5, 85, 0, '2017-12-31 08:01:52', '1981-09-17 07:10:50');
INSERT INTO `wishlist` (`id`, `user_id`, `book_id`, `is_read`, `created_at`, `updated_at`) VALUES (86, 6, 86, 1, '1974-06-25 09:46:22', '1989-12-19 23:09:03');
INSERT INTO `wishlist` (`id`, `user_id`, `book_id`, `is_read`, `created_at`, `updated_at`) VALUES (87, 7, 87, 0, '1995-03-26 11:04:41', '1978-11-11 10:43:53');
INSERT INTO `wishlist` (`id`, `user_id`, `book_id`, `is_read`, `created_at`, `updated_at`) VALUES (88, 8, 88, 0, '1974-06-20 16:27:16', '1975-04-23 02:36:10');
INSERT INTO `wishlist` (`id`, `user_id`, `book_id`, `is_read`, `created_at`, `updated_at`) VALUES (89, 9, 89, 1, '2013-09-16 03:23:05', '1990-06-22 11:11:21');
INSERT INTO `wishlist` (`id`, `user_id`, `book_id`, `is_read`, `created_at`, `updated_at`) VALUES (90, 10, 90, 0, '1977-12-17 02:54:29', '2001-07-08 12:00:01');
INSERT INTO `wishlist` (`id`, `user_id`, `book_id`, `is_read`, `created_at`, `updated_at`) VALUES (91, 11, 91, 1, '1976-06-03 08:24:29', '2009-11-16 13:31:28');
INSERT INTO `wishlist` (`id`, `user_id`, `book_id`, `is_read`, `created_at`, `updated_at`) VALUES (92, 12, 92, 1, '2013-05-02 21:35:08', '1986-02-02 05:01:55');
INSERT INTO `wishlist` (`id`, `user_id`, `book_id`, `is_read`, `created_at`, `updated_at`) VALUES (93, 13, 93, 0, '2014-07-19 16:07:57', '2006-08-06 16:11:02');
INSERT INTO `wishlist` (`id`, `user_id`, `book_id`, `is_read`, `created_at`, `updated_at`) VALUES (94, 14, 94, 1, '2007-02-17 02:26:56', '1975-07-19 17:09:24');
INSERT INTO `wishlist` (`id`, `user_id`, `book_id`, `is_read`, `created_at`, `updated_at`) VALUES (95, 15, 95, 1, '1987-01-05 19:42:26', '1991-09-02 12:14:33');
INSERT INTO `wishlist` (`id`, `user_id`, `book_id`, `is_read`, `created_at`, `updated_at`) VALUES (96, 16, 96, 1, '1984-12-23 13:00:43', '1970-05-17 03:00:09');
INSERT INTO `wishlist` (`id`, `user_id`, `book_id`, `is_read`, `created_at`, `updated_at`) VALUES (97, 17, 97, 1, '1986-07-29 16:17:41', '1989-06-18 16:41:24');
INSERT INTO `wishlist` (`id`, `user_id`, `book_id`, `is_read`, `created_at`, `updated_at`) VALUES (98, 18, 98, 0, '1980-04-12 05:06:58', '1974-11-07 17:00:26');
INSERT INTO `wishlist` (`id`, `user_id`, `book_id`, `is_read`, `created_at`, `updated_at`) VALUES (99, 19, 99, 1, '2019-12-12 02:15:19', '1997-02-05 19:54:38');
INSERT INTO `wishlist` (`id`, `user_id`, `book_id`, `is_read`, `created_at`, `updated_at`) VALUES (100, 20, 100, 0, '2015-02-11 11:32:01', '1972-01-07 18:47:22');
INSERT INTO `wishlist` (`id`, `user_id`, `book_id`, `is_read`, `created_at`, `updated_at`) VALUES (101, 1, 1, 0, '1977-11-04 08:35:32', '2000-10-20 15:47:40');
INSERT INTO `wishlist` (`id`, `user_id`, `book_id`, `is_read`, `created_at`, `updated_at`) VALUES (102, 2, 2, 0, '1986-04-11 18:31:32', '1975-07-23 04:20:22');
INSERT INTO `wishlist` (`id`, `user_id`, `book_id`, `is_read`, `created_at`, `updated_at`) VALUES (103, 3, 3, 1, '1997-09-21 02:32:32', '2005-08-08 17:38:28');
INSERT INTO `wishlist` (`id`, `user_id`, `book_id`, `is_read`, `created_at`, `updated_at`) VALUES (104, 4, 4, 0, '2008-05-09 06:39:25', '1993-08-17 08:50:07');
INSERT INTO `wishlist` (`id`, `user_id`, `book_id`, `is_read`, `created_at`, `updated_at`) VALUES (105, 5, 5, 0, '1993-03-07 19:24:16', '2004-09-15 00:21:24');
INSERT INTO `wishlist` (`id`, `user_id`, `book_id`, `is_read`, `created_at`, `updated_at`) VALUES (106, 6, 6, 0, '2011-08-24 13:54:51', '2014-02-06 22:15:14');
INSERT INTO `wishlist` (`id`, `user_id`, `book_id`, `is_read`, `created_at`, `updated_at`) VALUES (107, 7, 7, 1, '2020-04-24 22:33:21', '1992-08-27 10:46:44');
INSERT INTO `wishlist` (`id`, `user_id`, `book_id`, `is_read`, `created_at`, `updated_at`) VALUES (108, 8, 8, 1, '2000-06-29 21:57:13', '1979-02-24 23:30:26');
INSERT INTO `wishlist` (`id`, `user_id`, `book_id`, `is_read`, `created_at`, `updated_at`) VALUES (109, 9, 9, 0, '1992-03-06 08:15:37', '1988-08-28 19:47:18');
INSERT INTO `wishlist` (`id`, `user_id`, `book_id`, `is_read`, `created_at`, `updated_at`) VALUES (110, 10, 10, 0, '1987-03-11 11:15:31', '1976-04-10 00:03:00');
INSERT INTO `wishlist` (`id`, `user_id`, `book_id`, `is_read`, `created_at`, `updated_at`) VALUES (111, 11, 11, 1, '2009-05-25 16:08:22', '2017-03-24 21:55:08');
INSERT INTO `wishlist` (`id`, `user_id`, `book_id`, `is_read`, `created_at`, `updated_at`) VALUES (112, 12, 12, 1, '2020-11-06 17:32:53', '1983-08-20 08:48:05');
INSERT INTO `wishlist` (`id`, `user_id`, `book_id`, `is_read`, `created_at`, `updated_at`) VALUES (113, 13, 13, 1, '1977-05-16 13:29:32', '2002-08-28 19:17:39');
INSERT INTO `wishlist` (`id`, `user_id`, `book_id`, `is_read`, `created_at`, `updated_at`) VALUES (114, 14, 14, 0, '1971-08-27 15:26:59', '2015-08-21 13:01:18');
INSERT INTO `wishlist` (`id`, `user_id`, `book_id`, `is_read`, `created_at`, `updated_at`) VALUES (115, 15, 15, 0, '1994-11-16 17:07:35', '1976-05-17 02:32:20');
INSERT INTO `wishlist` (`id`, `user_id`, `book_id`, `is_read`, `created_at`, `updated_at`) VALUES (116, 16, 16, 1, '2003-05-22 10:16:46', '2001-09-16 20:32:16');
INSERT INTO `wishlist` (`id`, `user_id`, `book_id`, `is_read`, `created_at`, `updated_at`) VALUES (117, 17, 17, 1, '1980-02-04 01:04:31', '1976-07-18 09:18:30');
INSERT INTO `wishlist` (`id`, `user_id`, `book_id`, `is_read`, `created_at`, `updated_at`) VALUES (118, 18, 18, 0, '2014-05-06 21:29:57', '2011-11-15 08:18:37');
INSERT INTO `wishlist` (`id`, `user_id`, `book_id`, `is_read`, `created_at`, `updated_at`) VALUES (119, 19, 19, 0, '2005-04-08 05:11:01', '1983-09-24 07:14:18');
INSERT INTO `wishlist` (`id`, `user_id`, `book_id`, `is_read`, `created_at`, `updated_at`) VALUES (120, 20, 20, 1, '1994-05-21 11:55:33', '2017-09-01 16:13:12');
INSERT INTO `wishlist` (`id`, `user_id`, `book_id`, `is_read`, `created_at`, `updated_at`) VALUES (121, 1, 21, 0, '2011-01-16 16:18:12', '2020-03-23 04:03:15');
INSERT INTO `wishlist` (`id`, `user_id`, `book_id`, `is_read`, `created_at`, `updated_at`) VALUES (122, 2, 22, 1, '2014-11-23 22:20:17', '1985-10-19 15:32:09');
INSERT INTO `wishlist` (`id`, `user_id`, `book_id`, `is_read`, `created_at`, `updated_at`) VALUES (123, 3, 23, 1, '1993-09-18 21:21:58', '2016-10-13 15:20:17');
INSERT INTO `wishlist` (`id`, `user_id`, `book_id`, `is_read`, `created_at`, `updated_at`) VALUES (124, 4, 24, 0, '1981-02-06 07:20:19', '1999-01-06 00:54:17');
INSERT INTO `wishlist` (`id`, `user_id`, `book_id`, `is_read`, `created_at`, `updated_at`) VALUES (125, 5, 25, 1, '2007-10-30 21:15:07', '1981-09-28 19:19:12');
INSERT INTO `wishlist` (`id`, `user_id`, `book_id`, `is_read`, `created_at`, `updated_at`) VALUES (126, 6, 26, 1, '2014-07-15 16:25:26', '1986-10-28 09:02:52');
INSERT INTO `wishlist` (`id`, `user_id`, `book_id`, `is_read`, `created_at`, `updated_at`) VALUES (127, 7, 27, 1, '2014-07-01 09:47:11', '1978-02-11 05:01:26');
INSERT INTO `wishlist` (`id`, `user_id`, `book_id`, `is_read`, `created_at`, `updated_at`) VALUES (128, 8, 28, 0, '1970-09-06 04:02:51', '2020-10-22 19:09:40');
INSERT INTO `wishlist` (`id`, `user_id`, `book_id`, `is_read`, `created_at`, `updated_at`) VALUES (129, 9, 29, 1, '1983-09-19 05:38:10', '2017-03-04 07:45:35');
INSERT INTO `wishlist` (`id`, `user_id`, `book_id`, `is_read`, `created_at`, `updated_at`) VALUES (130, 10, 30, 0, '1970-08-25 07:18:02', '1970-12-28 14:33:02');
INSERT INTO `wishlist` (`id`, `user_id`, `book_id`, `is_read`, `created_at`, `updated_at`) VALUES (131, 11, 31, 1, '2017-02-25 07:56:25', '1985-05-14 13:57:41');
INSERT INTO `wishlist` (`id`, `user_id`, `book_id`, `is_read`, `created_at`, `updated_at`) VALUES (132, 12, 32, 0, '1970-10-07 19:04:53', '1984-03-22 06:52:37');
INSERT INTO `wishlist` (`id`, `user_id`, `book_id`, `is_read`, `created_at`, `updated_at`) VALUES (133, 13, 33, 1, '1998-07-15 13:31:33', '1973-05-02 20:48:16');
INSERT INTO `wishlist` (`id`, `user_id`, `book_id`, `is_read`, `created_at`, `updated_at`) VALUES (134, 14, 34, 0, '2011-03-13 23:45:03', '1975-07-04 19:43:21');
INSERT INTO `wishlist` (`id`, `user_id`, `book_id`, `is_read`, `created_at`, `updated_at`) VALUES (135, 15, 35, 0, '1990-07-14 07:49:47', '2004-02-06 14:35:32');
INSERT INTO `wishlist` (`id`, `user_id`, `book_id`, `is_read`, `created_at`, `updated_at`) VALUES (136, 16, 36, 0, '1972-08-11 18:07:12', '1989-04-30 20:00:34');
INSERT INTO `wishlist` (`id`, `user_id`, `book_id`, `is_read`, `created_at`, `updated_at`) VALUES (137, 17, 37, 0, '1999-08-29 02:55:17', '1970-01-07 12:39:57');
INSERT INTO `wishlist` (`id`, `user_id`, `book_id`, `is_read`, `created_at`, `updated_at`) VALUES (138, 18, 38, 0, '1982-08-19 02:25:10', '2003-03-27 16:29:26');
INSERT INTO `wishlist` (`id`, `user_id`, `book_id`, `is_read`, `created_at`, `updated_at`) VALUES (139, 19, 39, 1, '2021-01-04 22:48:50', '1994-09-30 02:54:02');
INSERT INTO `wishlist` (`id`, `user_id`, `book_id`, `is_read`, `created_at`, `updated_at`) VALUES (140, 20, 40, 1, '1979-02-17 22:22:37', '1981-08-07 19:28:07');
INSERT INTO `wishlist` (`id`, `user_id`, `book_id`, `is_read`, `created_at`, `updated_at`) VALUES (141, 1, 41, 0, '2010-11-25 18:03:48', '2007-12-13 03:46:09');
INSERT INTO `wishlist` (`id`, `user_id`, `book_id`, `is_read`, `created_at`, `updated_at`) VALUES (142, 2, 42, 0, '1977-06-17 16:31:16', '2005-01-10 01:06:32');
INSERT INTO `wishlist` (`id`, `user_id`, `book_id`, `is_read`, `created_at`, `updated_at`) VALUES (143, 3, 43, 0, '1975-10-27 00:44:51', '2010-01-16 22:36:03');
INSERT INTO `wishlist` (`id`, `user_id`, `book_id`, `is_read`, `created_at`, `updated_at`) VALUES (144, 4, 44, 1, '2021-04-16 07:06:45', '1970-12-24 18:57:22');
INSERT INTO `wishlist` (`id`, `user_id`, `book_id`, `is_read`, `created_at`, `updated_at`) VALUES (145, 5, 45, 0, '2009-04-13 03:26:19', '1976-10-23 23:21:52');
INSERT INTO `wishlist` (`id`, `user_id`, `book_id`, `is_read`, `created_at`, `updated_at`) VALUES (146, 6, 46, 1, '2004-08-28 20:31:21', '1980-07-14 18:45:38');
INSERT INTO `wishlist` (`id`, `user_id`, `book_id`, `is_read`, `created_at`, `updated_at`) VALUES (147, 7, 47, 0, '1982-08-13 08:51:22', '1992-01-22 16:02:16');
INSERT INTO `wishlist` (`id`, `user_id`, `book_id`, `is_read`, `created_at`, `updated_at`) VALUES (148, 8, 48, 1, '1972-07-13 15:38:33', '1974-01-06 19:36:29');
INSERT INTO `wishlist` (`id`, `user_id`, `book_id`, `is_read`, `created_at`, `updated_at`) VALUES (149, 9, 49, 0, '1979-01-25 08:06:14', '1987-10-20 20:39:41');
INSERT INTO `wishlist` (`id`, `user_id`, `book_id`, `is_read`, `created_at`, `updated_at`) VALUES (150, 10, 50, 1, '2016-10-16 11:44:57', '1998-09-29 10:27:37');
INSERT INTO `wishlist` (`id`, `user_id`, `book_id`, `is_read`, `created_at`, `updated_at`) VALUES (151, 11, 51, 1, '1987-03-27 22:04:42', '1993-06-05 23:19:40');
INSERT INTO `wishlist` (`id`, `user_id`, `book_id`, `is_read`, `created_at`, `updated_at`) VALUES (152, 12, 52, 1, '1993-05-21 11:42:32', '1984-11-11 10:40:10');
INSERT INTO `wishlist` (`id`, `user_id`, `book_id`, `is_read`, `created_at`, `updated_at`) VALUES (153, 13, 53, 1, '1996-08-19 14:28:21', '2014-08-29 08:49:30');
INSERT INTO `wishlist` (`id`, `user_id`, `book_id`, `is_read`, `created_at`, `updated_at`) VALUES (154, 14, 54, 0, '2008-12-19 19:49:08', '1971-01-23 23:34:26');
INSERT INTO `wishlist` (`id`, `user_id`, `book_id`, `is_read`, `created_at`, `updated_at`) VALUES (155, 15, 55, 0, '2006-11-26 16:51:20', '1998-03-09 07:26:09');
INSERT INTO `wishlist` (`id`, `user_id`, `book_id`, `is_read`, `created_at`, `updated_at`) VALUES (156, 16, 56, 1, '2018-09-24 07:46:36', '2008-05-25 18:16:16');
INSERT INTO `wishlist` (`id`, `user_id`, `book_id`, `is_read`, `created_at`, `updated_at`) VALUES (157, 17, 57, 1, '1983-07-13 11:54:11', '1992-10-13 09:20:28');
INSERT INTO `wishlist` (`id`, `user_id`, `book_id`, `is_read`, `created_at`, `updated_at`) VALUES (158, 18, 58, 0, '2005-05-07 19:59:02', '1981-06-02 23:58:18');
INSERT INTO `wishlist` (`id`, `user_id`, `book_id`, `is_read`, `created_at`, `updated_at`) VALUES (159, 19, 59, 0, '1972-03-09 15:30:57', '2019-11-26 05:39:57');
INSERT INTO `wishlist` (`id`, `user_id`, `book_id`, `is_read`, `created_at`, `updated_at`) VALUES (160, 20, 60, 0, '2013-05-13 03:23:26', '2000-07-14 06:44:11');
INSERT INTO `wishlist` (`id`, `user_id`, `book_id`, `is_read`, `created_at`, `updated_at`) VALUES (161, 1, 61, 1, '1989-05-02 11:10:24', '1980-11-02 03:15:46');
INSERT INTO `wishlist` (`id`, `user_id`, `book_id`, `is_read`, `created_at`, `updated_at`) VALUES (162, 2, 62, 0, '2009-12-01 02:24:00', '2001-01-03 00:46:58');
INSERT INTO `wishlist` (`id`, `user_id`, `book_id`, `is_read`, `created_at`, `updated_at`) VALUES (163, 3, 63, 0, '1976-08-30 11:31:19', '1986-03-23 19:00:27');
INSERT INTO `wishlist` (`id`, `user_id`, `book_id`, `is_read`, `created_at`, `updated_at`) VALUES (164, 4, 64, 0, '2010-03-30 06:04:07', '1980-03-22 05:11:13');
INSERT INTO `wishlist` (`id`, `user_id`, `book_id`, `is_read`, `created_at`, `updated_at`) VALUES (165, 5, 65, 0, '2010-08-27 15:14:55', '2008-06-26 16:02:12');
INSERT INTO `wishlist` (`id`, `user_id`, `book_id`, `is_read`, `created_at`, `updated_at`) VALUES (166, 6, 66, 1, '2005-12-05 23:43:10', '2004-09-14 14:10:40');
INSERT INTO `wishlist` (`id`, `user_id`, `book_id`, `is_read`, `created_at`, `updated_at`) VALUES (167, 7, 67, 1, '1997-06-02 08:20:28', '1985-02-22 07:04:35');
INSERT INTO `wishlist` (`id`, `user_id`, `book_id`, `is_read`, `created_at`, `updated_at`) VALUES (168, 8, 68, 1, '2017-12-12 14:55:17', '1975-02-02 03:13:40');
INSERT INTO `wishlist` (`id`, `user_id`, `book_id`, `is_read`, `created_at`, `updated_at`) VALUES (169, 9, 69, 1, '2002-06-04 23:42:03', '1982-03-03 23:36:53');
INSERT INTO `wishlist` (`id`, `user_id`, `book_id`, `is_read`, `created_at`, `updated_at`) VALUES (170, 10, 70, 0, '1992-05-09 00:39:34', '1981-10-02 06:23:00');
INSERT INTO `wishlist` (`id`, `user_id`, `book_id`, `is_read`, `created_at`, `updated_at`) VALUES (171, 11, 71, 0, '1971-02-02 19:07:42', '2004-12-13 09:01:53');
INSERT INTO `wishlist` (`id`, `user_id`, `book_id`, `is_read`, `created_at`, `updated_at`) VALUES (172, 12, 72, 1, '2003-07-16 09:09:56', '1997-09-12 15:30:14');
INSERT INTO `wishlist` (`id`, `user_id`, `book_id`, `is_read`, `created_at`, `updated_at`) VALUES (173, 13, 73, 1, '1978-04-16 14:00:25', '2008-08-09 11:50:27');
INSERT INTO `wishlist` (`id`, `user_id`, `book_id`, `is_read`, `created_at`, `updated_at`) VALUES (174, 14, 74, 1, '2009-08-21 13:43:29', '1977-07-22 23:12:01');
INSERT INTO `wishlist` (`id`, `user_id`, `book_id`, `is_read`, `created_at`, `updated_at`) VALUES (175, 15, 75, 1, '1982-02-03 01:44:01', '2017-11-08 02:58:52');
INSERT INTO `wishlist` (`id`, `user_id`, `book_id`, `is_read`, `created_at`, `updated_at`) VALUES (176, 16, 76, 0, '1988-01-05 15:53:48', '2012-11-07 04:01:17');
INSERT INTO `wishlist` (`id`, `user_id`, `book_id`, `is_read`, `created_at`, `updated_at`) VALUES (177, 17, 77, 1, '2009-12-03 11:21:57', '1972-08-06 10:39:02');
INSERT INTO `wishlist` (`id`, `user_id`, `book_id`, `is_read`, `created_at`, `updated_at`) VALUES (178, 18, 78, 0, '2002-03-27 19:30:50', '1994-04-15 23:48:41');
INSERT INTO `wishlist` (`id`, `user_id`, `book_id`, `is_read`, `created_at`, `updated_at`) VALUES (179, 19, 79, 1, '1993-06-04 06:29:45', '1972-02-14 15:47:21');
INSERT INTO `wishlist` (`id`, `user_id`, `book_id`, `is_read`, `created_at`, `updated_at`) VALUES (180, 20, 80, 0, '1997-10-01 02:33:44', '1975-06-16 12:05:39');
INSERT INTO `wishlist` (`id`, `user_id`, `book_id`, `is_read`, `created_at`, `updated_at`) VALUES (181, 1, 81, 0, '2013-09-13 12:29:31', '1998-02-09 17:29:09');
INSERT INTO `wishlist` (`id`, `user_id`, `book_id`, `is_read`, `created_at`, `updated_at`) VALUES (182, 2, 82, 1, '2006-10-22 11:51:57', '2003-04-09 13:16:58');
INSERT INTO `wishlist` (`id`, `user_id`, `book_id`, `is_read`, `created_at`, `updated_at`) VALUES (183, 3, 83, 0, '2005-04-08 11:38:02', '1977-12-04 05:23:05');
INSERT INTO `wishlist` (`id`, `user_id`, `book_id`, `is_read`, `created_at`, `updated_at`) VALUES (184, 4, 84, 0, '1991-03-26 23:30:21', '2019-06-21 04:03:32');
INSERT INTO `wishlist` (`id`, `user_id`, `book_id`, `is_read`, `created_at`, `updated_at`) VALUES (185, 5, 85, 0, '1992-04-04 07:18:20', '1975-09-14 12:04:20');
INSERT INTO `wishlist` (`id`, `user_id`, `book_id`, `is_read`, `created_at`, `updated_at`) VALUES (186, 6, 86, 1, '1978-04-24 23:11:20', '2006-06-04 07:17:35');
INSERT INTO `wishlist` (`id`, `user_id`, `book_id`, `is_read`, `created_at`, `updated_at`) VALUES (187, 7, 87, 1, '1975-10-03 18:51:22', '1984-01-23 21:53:41');
INSERT INTO `wishlist` (`id`, `user_id`, `book_id`, `is_read`, `created_at`, `updated_at`) VALUES (188, 8, 88, 1, '2008-08-26 19:45:52', '2018-03-31 09:57:55');
INSERT INTO `wishlist` (`id`, `user_id`, `book_id`, `is_read`, `created_at`, `updated_at`) VALUES (189, 9, 89, 0, '2003-10-25 15:00:54', '1990-05-08 16:29:17');
INSERT INTO `wishlist` (`id`, `user_id`, `book_id`, `is_read`, `created_at`, `updated_at`) VALUES (190, 10, 90, 0, '1975-12-03 01:49:00', '2014-05-06 19:32:21');
INSERT INTO `wishlist` (`id`, `user_id`, `book_id`, `is_read`, `created_at`, `updated_at`) VALUES (191, 11, 91, 0, '2014-09-10 18:50:10', '1976-10-08 23:48:07');
INSERT INTO `wishlist` (`id`, `user_id`, `book_id`, `is_read`, `created_at`, `updated_at`) VALUES (192, 12, 92, 0, '2018-01-15 16:09:15', '1974-06-27 10:41:58');
INSERT INTO `wishlist` (`id`, `user_id`, `book_id`, `is_read`, `created_at`, `updated_at`) VALUES (193, 13, 93, 1, '1991-06-07 20:12:51', '2012-10-16 07:16:11');
INSERT INTO `wishlist` (`id`, `user_id`, `book_id`, `is_read`, `created_at`, `updated_at`) VALUES (194, 14, 94, 0, '1995-05-06 12:01:55', '1979-03-01 10:03:57');
INSERT INTO `wishlist` (`id`, `user_id`, `book_id`, `is_read`, `created_at`, `updated_at`) VALUES (195, 15, 95, 1, '2001-08-22 16:42:43', '1978-06-19 14:20:12');
INSERT INTO `wishlist` (`id`, `user_id`, `book_id`, `is_read`, `created_at`, `updated_at`) VALUES (196, 16, 96, 1, '2003-08-19 21:03:45', '2010-01-04 21:29:49');
INSERT INTO `wishlist` (`id`, `user_id`, `book_id`, `is_read`, `created_at`, `updated_at`) VALUES (197, 17, 97, 0, '2003-07-30 01:48:19', '1986-01-12 16:14:40');
INSERT INTO `wishlist` (`id`, `user_id`, `book_id`, `is_read`, `created_at`, `updated_at`) VALUES (198, 18, 98, 1, '1997-08-05 09:24:55', '1975-05-12 05:11:47');
INSERT INTO `wishlist` (`id`, `user_id`, `book_id`, `is_read`, `created_at`, `updated_at`) VALUES (199, 19, 99, 1, '1979-10-13 17:38:12', '2016-10-16 19:50:02');
INSERT INTO `wishlist` (`id`, `user_id`, `book_id`, `is_read`, `created_at`, `updated_at`) VALUES (200, 20, 100, 1, '2000-06-19 12:44:48', '1995-12-13 16:37:47');