-- MySQL dump 10.13  Distrib 8.0.23, for Linux (x86_64)
--
-- Host: localhost    Database: vk
-- ------------------------------------------------------
-- Server version	8.0.23-0ubuntu0.20.10.1

/*!40101 SET @OLD_CHARACTER_SET_CLIENT=@@CHARACTER_SET_CLIENT */;
/*!40101 SET @OLD_CHARACTER_SET_RESULTS=@@CHARACTER_SET_RESULTS */;
/*!40101 SET @OLD_COLLATION_CONNECTION=@@COLLATION_CONNECTION */;
/*!50503 SET NAMES utf8mb4 */;
/*!40103 SET @OLD_TIME_ZONE=@@TIME_ZONE */;
/*!40103 SET TIME_ZONE='+00:00' */;
/*!40014 SET @OLD_UNIQUE_CHECKS=@@UNIQUE_CHECKS, UNIQUE_CHECKS=0 */;
/*!40014 SET @OLD_FOREIGN_KEY_CHECKS=@@FOREIGN_KEY_CHECKS, FOREIGN_KEY_CHECKS=0 */;
/*!40101 SET @OLD_SQL_MODE=@@SQL_MODE, SQL_MODE='NO_AUTO_VALUE_ON_ZERO' */;
/*!40111 SET @OLD_SQL_NOTES=@@SQL_NOTES, SQL_NOTES=0 */;

--
-- Table structure for table `communities`
--

DROP TABLE IF EXISTS `communities`;
/*!40101 SET @saved_cs_client     = @@character_set_client */;
/*!50503 SET character_set_client = utf8mb4 */;
CREATE TABLE `communities` (
  `id` int unsigned NOT NULL AUTO_INCREMENT COMMENT 'Идентификатор сроки',
  `name` varchar(150) NOT NULL COMMENT 'Название группы',
  `created_at` datetime DEFAULT CURRENT_TIMESTAMP COMMENT 'Время создания строки',
  `updated_at` datetime DEFAULT CURRENT_TIMESTAMP ON UPDATE CURRENT_TIMESTAMP COMMENT 'Время обновления строки',
  PRIMARY KEY (`id`),
  UNIQUE KEY `name` (`name`)
) ENGINE=InnoDB AUTO_INCREMENT=101 DEFAULT CHARSET=utf8mb4 COLLATE=utf8mb4_0900_ai_ci COMMENT='Группы';
/*!40101 SET character_set_client = @saved_cs_client */;

--
-- Dumping data for table `communities`
--

LOCK TABLES `communities` WRITE;
/*!40000 ALTER TABLE `communities` DISABLE KEYS */;
INSERT INTO `communities` VALUES (1,'cum','2009-05-04 19:17:42','2011-02-18 16:48:40'),(2,'illum','2017-01-24 23:59:28','1999-09-24 22:59:11'),(3,'quos','1998-03-14 18:45:11','2006-01-11 14:12:52'),(4,'tempora','1988-07-13 15:51:17','2014-03-28 19:13:21'),(5,'id','1982-01-15 05:58:07','2003-01-23 20:44:58'),(6,'et','2004-02-26 22:28:43','2004-05-16 13:28:06'),(7,'vel','1986-12-09 23:08:31','1996-12-29 03:41:17'),(8,'quam','1998-10-21 05:55:03','2010-07-10 23:38:03'),(9,'ullam','1975-05-04 01:46:36','1988-10-13 16:23:21'),(10,'dicta','1984-06-10 06:47:24','2015-10-30 08:23:39'),(11,'aut','2008-08-14 04:14:10','1977-01-12 07:10:51'),(12,'voluptatem','1992-07-02 01:14:00','2002-11-02 08:15:49'),(13,'ab','2005-09-02 15:46:27','1990-04-13 06:42:18'),(14,'temporibus','2021-03-03 18:36:09','1975-10-21 04:54:21'),(15,'ipsum','1982-02-24 10:23:17','2006-02-03 10:37:28'),(16,'perferendis','1985-07-14 20:02:59','1980-02-11 04:48:24'),(17,'repellat','1990-08-10 05:56:43','2017-02-22 01:34:31'),(18,'dignissimos','1972-11-23 15:18:32','1998-03-09 04:25:07'),(19,'occaecati','2003-03-30 10:47:40','2006-01-17 07:33:37'),(20,'incidunt','2004-02-24 11:25:49','1972-05-28 13:19:36'),(21,'est','1989-05-10 04:12:34','2017-05-23 07:33:19'),(22,'debitis','2018-06-08 07:42:43','2018-11-29 15:10:40'),(23,'quis','1984-05-13 07:04:17','2012-08-19 00:46:36'),(24,'ut','2007-07-26 20:10:17','1985-08-04 21:49:38'),(25,'doloribus','1997-09-04 01:51:09','1991-03-03 06:38:26'),(26,'nesciunt','2001-10-10 13:59:46','2015-10-01 13:20:27'),(27,'natus','1992-09-06 15:02:02','2009-11-16 13:20:32'),(28,'asperiores','1998-06-19 23:53:35','2014-03-28 18:37:34'),(29,'cumque','1995-07-16 17:17:01','1983-05-09 01:06:09'),(30,'iste','2014-04-19 12:54:01','1990-11-21 04:33:32'),(31,'vero','1970-08-03 16:20:37','2007-04-08 22:01:58'),(32,'ducimus','1974-10-12 00:21:15','1974-04-22 18:37:37'),(33,'esse','1996-06-06 15:04:35','1986-02-08 02:54:50'),(34,'quae','2005-07-17 18:59:48','2008-08-20 16:47:20'),(35,'nobis','1997-12-20 11:56:07','1985-09-24 05:01:30'),(36,'laboriosam','1998-08-19 18:24:07','2001-08-07 14:29:44'),(37,'sunt','1991-03-18 19:58:10','2001-10-16 18:43:37'),(38,'omnis','1992-02-15 19:05:45','1972-11-18 14:15:43'),(39,'magni','2004-08-30 20:58:13','1973-09-02 03:34:47'),(40,'deserunt','1982-12-10 17:59:20','1986-07-25 11:19:48'),(41,'expedita','2019-05-20 08:50:17','2017-05-04 10:10:23'),(42,'blanditiis','2014-09-23 18:11:27','2020-07-01 16:42:32'),(43,'dolores','2016-01-23 19:53:12','1971-07-23 01:22:18'),(44,'recusandae','2015-04-13 23:14:36','1982-10-20 12:43:20'),(45,'at','2010-10-28 18:36:44','2002-08-14 16:36:36'),(46,'autem','2004-06-28 12:40:56','1998-02-04 20:23:11'),(47,'consequatur','2020-03-31 12:06:35','2013-08-13 12:56:23'),(48,'dolore','1970-07-16 05:44:42','2018-11-14 05:34:30'),(49,'tenetur','1988-11-18 18:31:07','2009-01-30 18:08:04'),(50,'possimus','2011-01-18 00:12:04','1991-03-18 09:32:19'),(51,'sint','2002-03-12 21:53:03','1982-04-26 18:26:49'),(52,'suscipit','2016-04-19 21:13:27','2004-07-29 18:04:43'),(53,'architecto','1981-03-09 19:42:31','1990-08-13 19:16:32'),(54,'iure','1976-07-01 07:11:55','1989-07-04 04:18:13'),(55,'explicabo','2011-03-29 23:34:57','1996-05-30 00:32:23'),(56,'earum','1998-12-04 07:23:44','2000-06-17 04:59:38'),(57,'praesentium','2018-10-05 00:11:37','2014-12-24 22:15:32'),(58,'iusto','1985-07-27 02:02:07','1984-07-12 16:05:25'),(59,'error','2002-09-25 18:24:57','1985-08-19 05:26:28'),(60,'ea','1992-09-11 11:10:25','1990-09-04 01:39:31'),(61,'eos','1971-04-29 17:00:56','2008-02-08 11:48:56'),(62,'quo','1983-02-24 18:18:22','1998-01-14 09:42:33'),(63,'perspiciatis','2013-05-20 05:56:14','1974-04-19 08:39:25'),(64,'eaque','1974-05-10 20:04:09','1996-07-28 11:53:09'),(65,'quod','2020-10-14 16:13:18','1971-03-14 03:20:31'),(66,'beatae','2011-05-20 01:15:05','1997-11-02 05:50:44'),(67,'animi','2001-06-18 14:57:36','1972-10-07 17:40:37'),(68,'sit','1986-12-31 17:48:07','1974-10-18 15:27:12'),(69,'excepturi','1997-10-31 13:20:17','1980-08-19 12:23:17'),(70,'similique','1984-09-15 17:58:20','2001-03-05 04:58:41'),(71,'veritatis','2009-07-11 20:19:24','1990-11-17 05:55:16'),(72,'magnam','1980-10-19 23:43:49','2018-01-14 15:17:22'),(73,'enim','2018-03-31 01:28:17','1976-07-22 06:40:46'),(74,'quisquam','2018-10-20 18:07:52','1988-12-22 22:58:28'),(75,'minima','1979-02-16 17:31:32','2016-03-04 14:37:27'),(76,'sed','1990-07-13 01:05:03','1983-09-19 18:49:14'),(77,'accusamus','2020-10-06 07:18:15','2010-08-27 20:50:25'),(78,'voluptas','2001-03-14 07:46:04','2003-06-06 02:26:37'),(79,'eligendi','1970-12-05 16:56:57','1984-01-22 21:28:47'),(80,'doloremque','2019-01-14 02:42:52','1987-06-12 18:51:02'),(81,'atque','1996-08-31 02:49:33','2007-02-24 02:12:29'),(82,'velit','1984-06-18 23:15:37','2009-12-09 00:56:10'),(83,'accusantium','1973-01-02 23:32:27','1975-05-05 07:35:02'),(84,'qui','1986-04-08 08:21:15','2009-05-24 09:14:29'),(85,'facilis','1982-12-17 19:18:41','1979-05-06 19:59:12'),(86,'exercitationem','2009-02-09 01:40:51','1982-01-14 18:23:19'),(87,'rem','1971-05-15 03:41:27','1987-06-14 12:23:47'),(88,'labore','2016-09-25 13:56:18','1980-05-29 21:03:48'),(89,'unde','2005-03-30 12:56:30','1986-09-11 22:41:29'),(90,'corporis','1992-08-28 14:33:24','2004-02-03 10:10:46'),(91,'eum','1979-10-11 05:29:02','1984-09-05 09:28:26'),(92,'commodi','2006-10-08 17:12:21','2020-06-26 00:51:30'),(93,'rerum','1981-08-24 00:58:23','1971-07-25 02:43:26'),(94,'illo','1972-12-18 20:44:54','2005-02-26 15:56:31'),(95,'mollitia','1971-02-15 10:42:27','2015-12-27 02:19:45'),(96,'consequuntur','1976-05-22 23:24:43','2017-09-05 05:57:31'),(97,'sapiente','1992-05-04 05:28:31','2002-12-24 11:06:48'),(98,'molestias','2003-10-11 21:06:10','2014-12-21 04:24:23'),(99,'harum','2019-03-17 13:43:24','2014-04-30 21:31:19'),(100,'delectus','2008-02-20 03:59:05','2015-12-31 18:24:04');
/*!40000 ALTER TABLE `communities` ENABLE KEYS */;
UNLOCK TABLES;

--
-- Table structure for table `communities_users`
--

DROP TABLE IF EXISTS `communities_users`;
/*!40101 SET @saved_cs_client     = @@character_set_client */;
/*!50503 SET character_set_client = utf8mb4 */;
CREATE TABLE `communities_users` (
  `community_id` int unsigned NOT NULL COMMENT 'Ссылка на группу',
  `user_id` int unsigned NOT NULL COMMENT 'Ссылка на пользователя',
  `created_at` datetime DEFAULT CURRENT_TIMESTAMP COMMENT 'Время создания строки',
  PRIMARY KEY (`community_id`,`user_id`) COMMENT 'Составной первичный ключ'
) ENGINE=InnoDB DEFAULT CHARSET=utf8mb4 COLLATE=utf8mb4_0900_ai_ci COMMENT='Участники групп, связь между пользователями и группами';
/*!40101 SET character_set_client = @saved_cs_client */;

--
-- Dumping data for table `communities_users`
--

LOCK TABLES `communities_users` WRITE;
/*!40000 ALTER TABLE `communities_users` DISABLE KEYS */;
INSERT INTO `communities_users` VALUES (1,1,'1998-05-15 16:04:34'),(2,2,'1975-05-08 13:31:48'),(3,3,'2019-01-06 21:33:17'),(4,4,'1992-12-27 04:06:29'),(5,5,'1987-08-12 15:36:18'),(6,6,'1995-12-25 07:14:39'),(7,7,'1997-08-23 19:10:14'),(8,8,'1974-10-15 19:58:12'),(9,9,'2019-02-20 08:06:14'),(10,10,'1990-02-21 10:29:41'),(11,11,'2012-02-03 14:30:13'),(12,12,'1984-06-07 12:10:11'),(13,13,'1996-08-29 13:45:37'),(14,14,'2017-07-12 16:46:53'),(15,15,'1983-03-31 12:58:56'),(16,16,'1994-06-09 01:09:48'),(17,17,'1976-05-31 05:54:56'),(18,18,'2007-02-20 05:52:25'),(19,19,'1983-10-30 23:42:06'),(20,20,'2015-01-12 15:47:58'),(21,21,'2001-02-26 07:21:11'),(22,22,'1994-03-08 16:14:17'),(23,23,'1976-11-12 22:55:29'),(24,24,'2006-08-17 02:36:45'),(25,25,'2000-04-04 04:17:58'),(26,26,'1989-08-03 18:47:08'),(27,27,'2013-07-21 03:47:50'),(28,28,'1977-05-28 16:47:21'),(29,29,'2011-01-17 20:01:36'),(30,30,'2017-07-04 21:25:22'),(31,31,'2000-02-20 10:21:18'),(32,32,'2019-06-17 15:05:16'),(33,33,'1984-05-09 14:42:56'),(34,34,'2000-11-16 19:21:32'),(35,35,'1978-02-08 14:22:33'),(36,36,'2002-11-04 11:25:59'),(37,37,'1996-10-21 17:42:36'),(38,38,'1987-04-30 10:02:26'),(39,39,'1977-08-22 18:29:16'),(40,40,'2009-07-26 11:31:26'),(41,41,'1980-01-27 10:04:07'),(42,42,'1971-02-27 09:33:15'),(43,43,'1983-10-04 20:44:56'),(44,44,'1972-11-24 11:38:48'),(45,45,'1995-10-26 03:44:51'),(46,46,'1970-08-12 08:59:48'),(47,47,'1977-07-18 01:09:29'),(48,48,'1976-10-13 21:16:37'),(49,49,'2002-07-04 09:42:33'),(50,50,'1970-12-27 21:28:59'),(51,51,'2002-09-04 20:01:14'),(52,52,'2011-07-01 16:22:33'),(53,53,'2000-10-08 14:48:44'),(54,54,'1973-08-12 10:04:46'),(55,55,'2000-12-11 08:51:51'),(56,56,'1999-06-29 07:30:11'),(57,57,'1970-04-04 10:08:02'),(58,58,'2015-05-06 05:52:57'),(59,59,'2001-11-13 16:45:57'),(60,60,'1997-01-18 22:41:04'),(61,61,'2020-01-25 03:06:16'),(62,62,'1978-03-31 14:41:35'),(63,63,'1984-05-21 15:57:14'),(64,64,'1985-12-11 15:32:19'),(65,65,'2006-01-02 05:52:47'),(66,66,'2013-12-07 10:08:42'),(67,67,'2005-12-16 05:59:42'),(68,68,'1970-06-23 15:56:41'),(69,69,'1988-06-11 10:09:25'),(70,70,'1992-05-17 19:37:51'),(71,71,'1980-05-25 23:01:17'),(72,72,'1974-06-26 06:08:29'),(73,73,'1995-09-14 20:51:22'),(74,74,'2008-07-04 13:42:49'),(75,75,'2015-07-05 11:22:04'),(76,76,'1977-03-12 10:09:37'),(77,77,'1973-11-24 11:26:10'),(78,78,'2008-08-05 22:26:27'),(79,79,'1994-05-14 01:43:38'),(80,80,'1975-01-04 13:36:22'),(81,81,'1997-07-05 20:23:10'),(82,82,'1999-01-09 14:26:21'),(83,83,'1984-03-24 17:42:32'),(84,84,'1996-12-01 08:24:21'),(85,85,'2013-07-12 12:11:23'),(86,86,'1989-12-19 11:18:07'),(87,87,'1987-05-02 04:13:55'),(88,88,'1987-04-18 00:33:39'),(89,89,'2010-01-27 12:20:26'),(90,90,'1975-07-07 11:09:11'),(91,91,'2007-06-23 06:19:57'),(92,92,'1987-06-21 09:10:49'),(93,93,'1975-01-29 03:32:16'),(94,94,'1988-02-16 06:42:17'),(95,95,'2005-08-27 08:35:40'),(96,96,'2019-01-09 12:59:52'),(97,97,'1997-06-18 12:02:04'),(98,98,'1984-12-18 16:12:04'),(99,99,'1995-03-21 12:57:29'),(100,100,'2014-05-23 16:19:55');
/*!40000 ALTER TABLE `communities_users` ENABLE KEYS */;
UNLOCK TABLES;

--
-- Table structure for table `friendship`
--

DROP TABLE IF EXISTS `friendship`;
/*!40101 SET @saved_cs_client     = @@character_set_client */;
/*!50503 SET character_set_client = utf8mb4 */;
CREATE TABLE `friendship` (
  `user_id` int unsigned NOT NULL COMMENT 'Ссылка на инициатора дружеских отношений',
  `friend_id` int unsigned NOT NULL COMMENT 'Ссылка на получателя приглашения дружить',
  `status_id` int unsigned NOT NULL COMMENT 'Ссылка на статус (текущее состояние) отношений',
  `requested_at` datetime DEFAULT CURRENT_TIMESTAMP COMMENT 'Время отправления приглашения дружить',
  `confirmed_at` datetime DEFAULT NULL COMMENT 'Время подтверждения приглашения',
  `created_at` datetime DEFAULT CURRENT_TIMESTAMP COMMENT 'Время создания строки',
  `updated_at` datetime DEFAULT CURRENT_TIMESTAMP ON UPDATE CURRENT_TIMESTAMP COMMENT 'Время обновления строки',
  PRIMARY KEY (`user_id`,`friend_id`) COMMENT 'Составной первичный ключ'
) ENGINE=InnoDB DEFAULT CHARSET=utf8mb4 COLLATE=utf8mb4_0900_ai_ci COMMENT='Таблица дружбы';
/*!40101 SET character_set_client = @saved_cs_client */;

--
-- Dumping data for table `friendship`
--

LOCK TABLES `friendship` WRITE;
/*!40000 ALTER TABLE `friendship` DISABLE KEYS */;
INSERT INTO `friendship` VALUES (1,1,1,'2012-03-20 21:53:55','1986-02-22 03:34:58','1995-03-13 10:15:16','1977-01-23 05:40:02'),(2,2,2,'1986-03-16 09:28:40','1998-05-15 13:37:27','2008-12-05 09:17:57','1977-01-16 09:49:46'),(3,3,3,'1975-09-08 08:28:23','1989-07-19 17:41:10','1980-11-18 04:57:31','1978-01-07 10:57:54'),(4,4,4,'2008-03-20 10:02:39','1972-09-06 20:59:27','1978-11-11 11:36:45','2010-08-14 06:23:19'),(5,5,5,'1999-03-20 00:50:06','1989-08-08 03:52:40','1980-05-20 10:54:32','1991-08-04 02:07:55'),(6,6,6,'1993-11-30 12:30:53','1981-03-09 04:40:50','2012-08-23 06:26:08','2016-05-06 19:21:58'),(7,7,7,'2006-08-04 17:02:49','2020-05-01 18:29:06','2019-07-27 01:31:55','2006-06-26 01:43:15'),(8,8,8,'1997-02-17 00:21:43','1974-01-09 04:58:00','2003-11-28 13:14:41','1987-07-02 12:24:06'),(9,9,9,'1988-08-12 21:00:09','2017-08-02 19:29:30','1971-04-05 05:40:39','2008-07-15 00:52:15'),(10,10,10,'1994-09-25 06:51:28','2005-04-08 15:36:49','2015-07-02 05:59:08','1976-10-09 20:57:39'),(11,11,11,'1982-04-09 12:40:39','1991-10-22 19:55:11','2020-08-07 16:14:25','1977-02-17 17:47:32'),(12,12,12,'1996-03-05 02:15:06','1975-02-20 07:15:40','2001-02-12 13:12:00','1988-03-26 12:00:12'),(13,13,13,'2007-07-11 05:55:34','1971-09-10 02:37:11','2009-09-26 03:59:05','1998-01-05 18:31:13'),(14,14,14,'1974-05-23 23:58:37','2008-12-21 17:07:14','1989-02-27 09:18:50','2002-12-17 16:36:53'),(15,15,15,'2010-11-03 00:30:55','2011-01-04 10:54:57','1994-10-23 20:32:17','1982-10-21 19:22:45'),(16,16,16,'1994-07-31 02:39:53','1978-01-09 07:31:47','1991-03-18 07:41:11','2006-11-08 15:36:05'),(17,17,17,'1975-11-02 18:45:59','2012-10-22 04:55:56','1975-08-11 15:03:34','2002-11-20 21:13:31'),(18,18,18,'2016-03-31 08:32:38','1973-04-25 18:14:09','2010-12-16 09:49:48','2007-02-13 12:01:13'),(19,19,19,'1971-09-13 20:29:16','2011-11-30 22:21:35','1973-12-27 00:31:17','2019-03-25 18:37:39'),(20,20,20,'1983-07-12 16:43:52','1994-03-20 09:41:13','2000-02-21 16:38:23','1990-09-12 01:11:48'),(21,21,21,'1984-10-02 10:14:30','1988-03-10 15:02:41','2006-07-30 08:47:19','2008-03-13 18:44:00'),(22,22,22,'2017-10-25 17:39:53','1970-11-02 12:02:14','1985-08-20 16:41:18','1998-12-05 17:31:08'),(23,23,23,'2003-05-31 08:06:26','1996-03-19 19:16:03','1997-05-11 21:27:22','2014-07-25 03:04:08'),(24,24,24,'1990-12-30 02:25:46','2007-02-02 09:36:30','1987-06-20 02:53:45','2019-08-10 18:00:22'),(25,25,25,'1971-09-13 03:59:49','1995-04-01 08:32:29','1974-12-12 04:09:22','1973-10-14 21:05:03'),(26,26,26,'2010-01-27 17:58:40','1970-11-04 19:12:30','1984-10-10 04:15:36','2017-09-29 23:05:23'),(27,27,27,'1999-05-13 04:02:44','1974-09-03 08:02:07','1986-11-19 01:15:19','2000-02-17 10:19:22'),(28,28,28,'1988-04-25 15:06:17','1978-10-16 20:41:06','2007-01-12 23:48:51','1986-01-16 10:27:21'),(29,29,29,'1992-03-08 03:44:49','1975-02-01 18:13:27','2012-02-03 02:36:20','1985-01-30 22:34:17'),(30,30,30,'2009-01-23 13:48:37','1985-06-06 15:37:20','2004-04-24 22:12:21','2005-10-08 06:42:01'),(31,31,31,'2019-01-28 15:37:56','2014-07-06 03:57:47','1973-11-15 11:13:57','1970-07-16 05:32:39'),(32,32,32,'1986-07-05 17:03:39','2010-03-28 11:08:22','2018-04-16 01:40:54','2019-07-31 20:16:09'),(33,33,33,'1994-12-01 01:47:43','2012-12-14 11:03:33','1976-12-01 04:58:31','1976-11-19 07:32:01'),(34,34,34,'2003-11-22 03:36:48','1981-09-04 13:36:17','1973-08-04 08:06:20','1983-09-23 07:29:03'),(35,35,35,'2009-12-24 13:30:47','1970-06-25 16:30:57','2002-06-10 01:14:12','1976-10-14 08:17:50'),(36,36,36,'2016-06-30 21:20:19','2001-08-07 08:44:55','1973-10-03 16:27:57','1975-03-12 14:27:51'),(37,37,37,'2006-04-29 01:35:53','2010-10-07 07:41:37','1977-08-09 22:13:41','2004-02-14 07:11:54'),(38,38,38,'2011-01-03 02:13:50','1979-10-01 08:59:00','1981-05-04 07:05:54','2011-08-19 07:48:55'),(39,39,39,'2014-12-29 08:12:25','1986-05-01 19:42:15','2018-10-16 21:35:52','2001-12-16 21:50:48'),(40,40,40,'2003-05-17 05:13:05','2014-11-25 23:36:12','1973-06-20 15:28:15','1990-07-15 01:45:22'),(41,41,41,'2018-10-04 12:04:19','2020-02-09 16:19:47','1979-12-01 17:54:00','1995-12-05 06:51:49'),(42,42,42,'1995-11-18 21:29:23','2001-07-23 04:56:41','1997-03-02 14:19:32','2018-03-27 13:45:59'),(43,43,43,'2007-12-25 06:55:53','1975-03-17 18:38:49','2005-01-02 09:25:20','2018-09-28 01:50:03'),(44,44,44,'1996-10-08 04:54:45','1993-06-26 21:51:49','2003-06-14 03:24:12','1987-05-27 14:44:48'),(45,45,45,'2010-10-28 21:09:15','1999-01-26 14:33:13','2002-10-01 04:09:10','1970-08-20 03:29:37'),(46,46,46,'2002-12-16 01:25:52','1973-02-20 16:42:23','2009-12-11 08:18:31','1980-05-12 20:00:06'),(47,47,47,'1988-12-19 16:52:46','1995-08-26 13:06:05','1982-08-28 07:26:25','2001-09-07 11:04:10'),(48,48,48,'1981-08-27 22:06:06','1982-05-05 07:53:43','1983-10-31 05:37:01','2019-03-24 08:05:59'),(49,49,49,'1986-08-27 14:01:16','2013-10-17 01:20:30','1971-05-21 15:29:42','2011-10-07 09:50:37'),(50,50,50,'1983-03-28 14:40:44','1993-01-18 03:12:47','2019-02-22 13:05:31','1975-12-14 17:20:32'),(51,51,51,'1973-01-20 06:27:01','1996-01-03 09:21:25','1976-07-15 13:38:34','2001-01-22 06:28:28'),(52,52,52,'1983-03-26 09:51:06','1976-06-08 14:18:40','1989-11-01 07:55:58','2006-04-19 01:20:28'),(53,53,53,'2015-02-13 22:12:07','1981-04-21 14:24:36','1971-04-19 23:20:48','1986-07-28 05:31:16'),(54,54,54,'2006-05-08 01:29:18','1995-05-12 00:00:47','2009-06-05 10:46:04','1986-11-02 20:23:02'),(55,55,55,'2003-02-08 16:06:11','1996-09-14 08:17:56','1983-07-17 11:20:15','1981-05-03 19:07:41'),(56,56,56,'2001-05-26 22:26:22','1971-11-29 02:23:31','1996-03-20 19:50:24','2005-05-03 14:39:47'),(57,57,57,'1981-07-23 10:19:40','1993-05-23 08:29:13','2008-02-16 01:49:33','2009-03-06 11:56:38'),(58,58,58,'1973-09-11 12:16:35','1997-04-29 17:38:31','1995-04-10 22:41:06','2020-12-17 23:01:03'),(59,59,59,'2008-08-17 20:11:13','1991-09-01 18:27:08','2010-09-13 05:23:36','2017-07-20 23:09:33'),(60,60,60,'1988-09-22 12:57:11','1971-01-15 19:51:44','1993-07-03 16:19:18','2015-12-01 20:19:43'),(61,61,61,'1993-06-03 08:03:47','1990-04-05 08:42:08','1991-11-17 08:42:34','1984-02-03 07:14:58'),(62,62,62,'1979-11-02 20:17:05','2018-10-07 06:50:49','1973-01-09 10:42:37','2006-05-14 08:44:19'),(63,63,63,'2014-05-04 03:39:21','1992-02-27 16:14:24','2009-02-20 16:40:06','1978-01-06 01:35:49'),(64,64,64,'2018-05-07 07:14:29','1971-09-11 03:01:34','1980-05-28 21:03:00','1971-04-14 07:38:15'),(65,65,65,'1985-08-03 13:18:04','2016-09-21 08:56:12','2007-03-11 02:16:58','1989-04-17 07:13:19'),(66,66,66,'1972-11-27 02:00:29','2001-09-09 13:46:22','1975-06-14 19:22:45','2006-05-14 05:14:15'),(67,67,67,'1999-07-27 10:15:23','1986-05-19 18:26:44','1993-10-17 08:30:54','1974-02-17 07:57:50'),(68,68,68,'2003-05-28 01:37:41','2001-08-07 18:09:31','1981-10-18 18:07:39','2008-09-07 12:40:08'),(69,69,69,'2008-11-07 10:32:45','2014-08-21 19:10:17','2002-07-25 18:19:26','1977-02-18 13:16:15'),(70,70,70,'1973-12-05 01:39:16','2004-01-05 08:18:16','1987-09-04 06:40:41','2007-05-30 14:27:50'),(71,71,71,'1994-05-30 01:11:11','1987-07-21 16:15:41','2013-04-09 02:19:48','1975-08-12 18:46:16'),(72,72,72,'1977-07-25 06:58:11','2004-04-29 11:52:24','1998-06-23 05:11:20','2015-04-01 23:39:35'),(73,73,73,'2015-10-10 14:38:26','1978-04-07 05:36:13','1988-02-17 10:38:26','1990-12-13 09:45:46'),(74,74,74,'2001-07-19 04:48:22','2009-06-01 21:45:06','2000-07-08 02:29:42','1992-08-09 10:57:01'),(75,75,75,'2020-07-29 16:09:31','2003-06-14 11:10:45','1992-06-21 11:34:33','1982-10-17 20:22:55'),(76,76,76,'2010-11-18 17:46:18','1997-04-30 23:55:50','1993-07-21 08:02:53','1984-12-15 09:50:03'),(77,77,77,'1971-04-01 19:23:49','2011-07-01 20:21:42','2019-12-21 19:54:39','1985-02-10 16:07:04'),(78,78,78,'1985-03-04 14:22:13','1976-09-07 15:31:19','1974-12-09 22:00:53','1990-07-13 00:58:12'),(79,79,79,'1999-03-16 00:51:21','2005-02-15 18:28:59','2003-10-29 17:33:57','1970-12-24 05:51:47'),(80,80,80,'2004-04-17 18:28:28','2004-07-11 10:57:51','1983-09-29 20:35:23','1975-02-25 21:49:25'),(81,81,81,'1995-04-17 07:45:20','1998-08-25 13:46:59','2006-06-23 12:22:54','1980-10-30 15:51:21'),(82,82,82,'2014-11-21 20:23:13','2010-12-17 16:12:50','1995-03-30 11:44:02','1991-10-02 15:38:53'),(83,83,83,'2003-10-23 03:20:38','2013-05-25 18:22:34','1970-08-25 11:45:14','2020-03-31 19:58:50'),(84,84,84,'1976-09-04 18:46:02','2001-02-03 19:03:52','1995-05-07 09:38:19','1987-08-01 00:49:50'),(85,85,85,'1987-08-12 03:37:31','1988-09-28 18:33:45','1988-02-12 01:22:00','2010-10-01 18:06:38'),(86,86,86,'2008-07-09 11:12:35','1994-11-23 14:29:06','2001-07-19 07:36:22','1973-02-15 10:06:51'),(87,87,87,'1997-09-12 12:48:05','1981-09-24 18:47:19','1977-09-21 12:28:44','1978-04-14 08:34:36'),(88,88,88,'1989-01-21 08:07:32','2006-07-26 12:10:51','2001-05-20 02:26:43','1995-03-11 06:37:21'),(89,89,89,'1979-02-20 21:46:02','1998-09-26 07:35:23','1984-10-10 11:38:21','2005-04-19 14:46:51'),(90,90,90,'1979-04-27 22:31:22','1996-08-05 17:58:47','2004-06-19 00:05:32','1996-09-21 03:51:20'),(91,91,91,'2000-01-15 08:55:58','1982-01-25 21:44:57','2012-03-27 18:05:27','2014-10-16 22:07:04'),(92,92,92,'1974-06-20 03:41:30','2014-10-26 10:33:20','1988-11-10 19:02:38','2017-08-02 19:32:31'),(93,93,93,'2019-12-17 20:12:07','1975-09-09 08:02:25','2009-08-21 17:51:35','1981-07-05 09:54:38'),(94,94,94,'1992-09-08 07:48:53','1973-09-03 05:09:57','2013-08-16 13:23:38','1973-09-23 16:08:20'),(95,95,95,'1987-09-19 12:56:03','1996-11-18 06:16:39','2001-02-24 14:10:58','1998-11-04 04:12:05'),(96,96,96,'2013-10-31 11:16:58','1980-06-26 16:50:35','1997-11-02 21:23:21','1980-04-16 17:58:56'),(97,97,97,'1989-09-13 21:05:37','1984-08-20 03:20:22','1999-05-16 18:52:11','1999-09-01 05:56:20'),(98,98,98,'1974-10-09 01:11:23','2016-09-14 15:55:36','1998-02-21 23:04:11','1975-06-01 02:59:02'),(99,99,99,'1993-02-01 13:55:16','2005-11-10 15:40:13','1972-09-12 09:21:34','1970-07-31 02:08:49'),(100,100,100,'1979-01-28 14:57:33','1974-03-30 14:26:34','1990-03-23 09:15:45','1972-08-15 02:42:21');
/*!40000 ALTER TABLE `friendship` ENABLE KEYS */;
UNLOCK TABLES;

--
-- Table structure for table `friendship_statuses`
--

DROP TABLE IF EXISTS `friendship_statuses`;
/*!40101 SET @saved_cs_client     = @@character_set_client */;
/*!50503 SET character_set_client = utf8mb4 */;
CREATE TABLE `friendship_statuses` (
  `id` int unsigned NOT NULL AUTO_INCREMENT COMMENT 'Идентификатор строки',
  `name` varchar(150) NOT NULL COMMENT 'Название статуса',
  `created_at` datetime DEFAULT CURRENT_TIMESTAMP COMMENT 'Время создания строки',
  `updated_at` datetime DEFAULT CURRENT_TIMESTAMP ON UPDATE CURRENT_TIMESTAMP COMMENT 'Время обновления строки',
  PRIMARY KEY (`id`),
  UNIQUE KEY `name` (`name`)
) ENGINE=InnoDB AUTO_INCREMENT=101 DEFAULT CHARSET=utf8mb4 COLLATE=utf8mb4_0900_ai_ci COMMENT='Статусы дружбы';
/*!40101 SET character_set_client = @saved_cs_client */;

--
-- Dumping data for table `friendship_statuses`
--

LOCK TABLES `friendship_statuses` WRITE;
/*!40000 ALTER TABLE `friendship_statuses` DISABLE KEYS */;
INSERT INTO `friendship_statuses` VALUES (1,'et','1997-05-11 22:08:27','2019-08-07 17:41:33'),(2,'consectetur','2000-01-30 13:17:43','1996-09-02 20:58:19'),(3,'aut','2006-04-07 14:29:23','2003-11-10 20:47:02'),(4,'ullam','1981-01-21 08:22:11','1972-09-23 01:34:47'),(5,'hic','1971-06-16 03:42:50','1992-04-06 11:38:21'),(6,'non','1989-03-16 08:19:04','2010-11-30 06:31:08'),(7,'ex','2013-04-08 21:41:57','2008-08-18 14:35:00'),(8,'necessitatibus','2018-06-23 01:45:28','1997-11-10 01:33:37'),(9,'sit','1999-11-08 01:37:26','1975-07-09 16:10:34'),(10,'est','1972-05-16 00:05:41','1978-09-20 18:02:13'),(11,'consequatur','2015-06-07 03:13:55','1995-08-08 08:20:19'),(12,'sunt','2021-01-07 00:13:24','1988-04-17 01:08:25'),(13,'quo','1985-07-20 16:32:23','1996-11-01 16:45:41'),(14,'veniam','2001-07-13 21:22:23','1998-01-27 13:57:45'),(15,'ab','2020-05-11 03:35:24','2006-03-21 18:38:58'),(16,'fugiat','1976-09-26 22:09:24','1994-07-20 03:15:38'),(17,'voluptas','1973-02-18 22:47:01','1998-06-20 11:47:58'),(18,'eveniet','2011-07-21 22:55:42','2006-10-16 15:30:43'),(19,'qui','1977-01-31 02:55:59','1999-04-28 01:17:56'),(20,'tempore','1999-03-04 10:14:16','1983-12-29 06:50:36'),(21,'nemo','1970-09-25 09:29:42','1972-07-01 15:33:03'),(22,'asperiores','2017-02-14 13:28:12','2003-08-28 10:53:16'),(23,'rerum','2000-04-11 17:10:09','2006-12-08 18:59:03'),(24,'odio','1979-07-31 17:20:07','2009-09-27 15:24:21'),(25,'ipsum','2017-05-16 06:17:55','1991-07-09 20:43:12'),(26,'harum','2007-04-09 14:12:55','1993-03-25 17:41:53'),(27,'voluptatibus','1987-02-17 21:32:07','1976-05-01 08:04:34'),(28,'deserunt','2017-07-16 03:01:21','2020-11-17 15:42:23'),(29,'possimus','2002-12-02 21:51:34','2009-05-21 09:35:07'),(30,'ea','1972-04-21 12:09:38','1979-05-27 22:22:41'),(31,'suscipit','1981-12-16 09:37:38','2004-09-11 00:14:31'),(32,'ipsa','2020-05-10 21:20:58','2010-02-26 06:40:55'),(33,'modi','1987-02-10 02:09:23','1991-08-28 17:27:27'),(34,'praesentium','2004-10-03 16:15:20','2007-09-10 04:04:06'),(35,'adipisci','1975-04-17 15:32:16','1996-11-04 19:35:26'),(36,'tenetur','2008-07-06 04:10:02','2017-06-08 12:08:13'),(37,'maiores','1981-07-16 10:17:50','2014-08-15 08:52:50'),(38,'earum','1976-08-26 07:34:30','1993-01-02 06:13:52'),(39,'alias','1970-11-22 17:54:24','2006-12-17 23:42:38'),(40,'autem','2012-10-30 00:17:47','1976-10-06 05:43:11'),(41,'excepturi','1987-09-13 14:10:21','2020-09-09 01:16:34'),(42,'dolor','1978-09-27 10:56:27','1976-11-17 21:13:54'),(43,'facilis','1990-03-12 16:31:44','2012-03-23 10:10:20'),(44,'numquam','1972-02-22 00:00:16','2014-01-13 11:21:11'),(45,'velit','2001-06-11 15:21:04','2004-02-13 20:32:21'),(46,'cupiditate','2013-11-30 12:09:18','1973-04-03 13:29:46'),(47,'esse','1976-09-27 18:39:34','2005-09-27 21:02:28'),(48,'cum','1970-05-08 12:22:27','1996-09-30 07:43:31'),(49,'animi','2010-02-28 14:08:39','1997-12-08 09:20:29'),(50,'quod','2017-09-19 20:44:20','1981-02-23 08:25:04'),(51,'id','1995-11-11 20:44:05','1990-06-23 20:21:22'),(52,'eius','2007-06-15 00:45:42','2009-08-13 11:13:07'),(53,'sapiente','1996-05-27 12:48:56','1996-04-28 17:39:06'),(54,'at','2008-05-10 05:30:37','2003-09-18 19:44:12'),(55,'repudiandae','1994-06-30 16:26:17','2012-07-05 05:55:07'),(56,'mollitia','2007-08-29 08:40:22','2000-12-24 02:49:53'),(57,'tempora','2007-04-15 04:44:50','1987-09-10 21:43:33'),(58,'ipsam','2001-08-14 02:23:29','2010-12-06 19:02:03'),(59,'ut','1978-07-19 07:26:49','1989-08-30 16:26:58'),(60,'facere','1993-01-21 13:13:06','2014-01-03 04:25:04'),(61,'eligendi','1992-11-16 22:49:17','2002-11-01 05:39:24'),(62,'distinctio','1992-03-19 05:08:14','1978-11-29 21:27:38'),(63,'magni','1994-04-15 22:02:13','1986-03-06 02:12:32'),(64,'quasi','1984-03-16 00:02:26','2006-11-30 19:49:22'),(65,'eaque','1973-10-12 18:12:21','2014-04-24 06:16:25'),(66,'quisquam','1977-04-09 00:04:21','1976-09-05 06:31:45'),(67,'itaque','1976-08-01 07:13:50','2001-07-06 12:08:06'),(68,'vel','1983-11-07 17:08:08','1980-08-27 06:41:42'),(69,'sint','1982-09-02 02:49:41','1973-09-22 14:59:45'),(70,'eum','1973-01-12 15:26:46','1976-08-24 02:42:40'),(71,'voluptates','1999-06-02 21:44:21','1981-02-15 22:52:04'),(72,'ducimus','2002-07-15 22:49:53','1989-11-07 23:24:47'),(73,'perferendis','1972-01-18 06:47:36','1982-12-16 05:38:06'),(74,'quas','2001-08-10 22:22:33','1997-02-07 07:58:32'),(75,'nobis','1988-10-14 10:06:29','1978-08-08 19:38:01'),(76,'quos','1984-10-06 23:56:04','1980-06-01 04:02:11'),(77,'inventore','2008-11-06 09:02:54','1976-07-07 09:24:30'),(78,'aperiam','2019-09-15 18:44:24','1996-05-22 07:02:20'),(79,'exercitationem','1975-04-04 07:42:27','2015-05-22 06:51:52'),(80,'iure','1997-03-10 13:32:06','1982-05-13 17:49:17'),(81,'voluptatum','1992-09-23 00:47:06','1988-07-01 08:22:05'),(82,'totam','1980-09-15 06:55:51','2003-03-08 14:54:11'),(83,'repellat','1976-01-11 21:34:35','2000-12-06 20:05:32'),(84,'molestiae','2004-09-05 06:05:09','1978-02-10 07:43:56'),(85,'laborum','1997-03-12 14:05:34','1970-02-01 14:51:12'),(86,'enim','1996-08-02 08:34:58','1970-12-24 02:11:16'),(87,'quis','1979-06-09 19:28:19','1978-03-08 15:14:01'),(88,'minus','1976-02-20 00:16:04','2012-01-10 22:11:58'),(89,'nulla','2019-07-23 10:53:31','2017-11-09 19:41:39'),(90,'a','1988-11-01 21:51:30','1995-05-21 11:38:29'),(91,'odit','1984-12-12 12:00:01','1986-04-02 19:14:28'),(92,'nostrum','1990-01-20 08:33:40','1987-08-07 10:09:31'),(93,'delectus','1990-11-28 23:14:43','1993-10-13 06:02:27'),(94,'molestias','1990-09-02 01:24:27','1997-04-11 16:34:58'),(95,'omnis','1972-02-14 06:25:43','1985-09-02 08:32:33'),(96,'repellendus','1987-09-27 17:16:10','2001-09-22 16:50:56'),(97,'occaecati','1987-07-15 20:15:41','2017-12-24 06:28:00'),(98,'doloremque','2011-10-11 06:43:02','2020-06-22 14:55:39'),(99,'soluta','1999-03-18 10:19:11','2013-01-02 08:07:32'),(100,'quam','1977-07-18 17:50:00','1995-07-19 13:10:47');
/*!40000 ALTER TABLE `friendship_statuses` ENABLE KEYS */;
UNLOCK TABLES;

--
-- Table structure for table `media`
--

DROP TABLE IF EXISTS `media`;
/*!40101 SET @saved_cs_client     = @@character_set_client */;
/*!50503 SET character_set_client = utf8mb4 */;
CREATE TABLE `media` (
  `id` int unsigned NOT NULL AUTO_INCREMENT COMMENT 'Идентификатор строки',
  `user_id` int unsigned NOT NULL COMMENT 'Ссылка на пользователя, который загрузил файл',
  `filename` varchar(255) NOT NULL COMMENT 'Путь к файлу',
  `size` int NOT NULL COMMENT 'Размер файла',
  `metadata` json DEFAULT NULL COMMENT 'Метаданные файла',
  `media_type_id` int unsigned NOT NULL COMMENT 'Ссылка на тип контента',
  `created_at` datetime DEFAULT CURRENT_TIMESTAMP COMMENT 'Время создания строки',
  `updated_at` datetime DEFAULT CURRENT_TIMESTAMP ON UPDATE CURRENT_TIMESTAMP COMMENT 'Время обновления строки',
  PRIMARY KEY (`id`)
) ENGINE=InnoDB AUTO_INCREMENT=101 DEFAULT CHARSET=utf8mb4 COLLATE=utf8mb4_0900_ai_ci COMMENT='Медиафайлы';
/*!40101 SET character_set_client = @saved_cs_client */;

--
-- Dumping data for table `media`
--

LOCK TABLES `media` WRITE;
/*!40000 ALTER TABLE `media` DISABLE KEYS */;
INSERT INTO `media` VALUES (1,1,'molestiae',79119492,NULL,1,'2019-08-13 21:27:57','1987-06-27 22:08:27'),(2,2,'vero',72186384,NULL,2,'2013-05-15 07:59:58','1983-02-11 20:39:10'),(3,3,'quam',0,NULL,3,'1970-07-16 23:36:11','2010-04-15 03:44:36'),(4,4,'odio',61798152,NULL,4,'2006-06-08 06:06:31','1988-05-14 07:56:25'),(5,5,'aliquam',76835903,NULL,5,'1992-08-09 11:05:51','1983-06-08 04:34:03'),(6,6,'eligendi',258065,NULL,6,'2020-08-06 11:40:32','2014-01-11 12:16:49'),(7,7,'quis',4,NULL,7,'1972-10-06 23:09:02','1985-02-27 12:48:59'),(8,8,'id',0,NULL,8,'1984-11-14 03:52:20','1977-06-23 00:52:31'),(9,9,'repellendus',4284,NULL,9,'2007-12-14 22:52:00','1975-02-28 06:07:44'),(10,10,'nulla',868350487,NULL,10,'2005-11-26 04:08:05','2009-08-16 11:18:51'),(11,11,'officia',565684,NULL,11,'2013-05-26 05:21:31','1982-07-17 10:28:27'),(12,12,'quo',9,NULL,12,'1983-07-28 11:16:53','2009-12-17 13:46:45'),(13,13,'explicabo',0,NULL,13,'2003-07-04 08:09:04','1998-03-02 19:57:54'),(14,14,'fugiat',3,NULL,14,'2015-10-06 05:43:28','1992-11-20 06:28:08'),(15,15,'dolor',8,NULL,15,'1984-02-24 08:56:26','2008-03-30 18:31:22'),(16,16,'qui',71,NULL,16,'2011-05-03 18:43:11','1979-08-18 12:25:03'),(17,17,'expedita',1,NULL,17,'2001-09-14 18:44:47','2016-06-08 12:33:04'),(18,18,'soluta',93,NULL,18,'1983-09-25 18:37:45','1986-03-19 08:55:33'),(19,19,'dicta',76721928,NULL,19,'2017-11-17 08:32:31','1976-10-09 04:56:25'),(20,20,'ea',902084946,NULL,20,'1994-05-22 21:13:14','2013-08-08 00:48:51'),(21,21,'qui',7,NULL,21,'2005-10-14 05:45:45','2005-10-30 09:12:50'),(22,22,'deleniti',255,NULL,22,'1999-01-31 20:40:12','1978-09-12 07:41:28'),(23,23,'minima',90075,NULL,23,'2002-10-06 04:26:58','1991-06-24 08:58:00'),(24,24,'natus',64,NULL,24,'1999-04-28 00:20:00','2003-08-24 19:49:32'),(25,25,'delectus',648,NULL,25,'2008-08-17 18:25:25','1979-03-05 06:09:50'),(26,26,'ut',295790865,NULL,26,'2015-12-05 01:54:25','2004-03-04 07:15:30'),(27,27,'vel',42,NULL,27,'2009-12-20 04:11:46','1991-04-30 19:03:30'),(28,28,'autem',445,NULL,28,'2007-05-19 09:46:47','2013-01-30 19:48:39'),(29,29,'rerum',53,NULL,29,'1981-08-11 11:14:29','1987-08-04 12:12:43'),(30,30,'cupiditate',106227,NULL,30,'1978-04-19 15:24:01','1992-11-23 21:33:59'),(31,31,'est',1913,NULL,31,'1978-05-03 03:09:34','2004-03-27 10:07:39'),(32,32,'molestiae',5500730,NULL,32,'2018-06-23 04:56:05','2018-01-23 17:57:20'),(33,33,'dolorem',0,NULL,33,'2009-01-12 14:32:28','1995-05-23 06:14:22'),(34,34,'molestiae',92,NULL,34,'1977-04-09 23:25:59','1980-10-14 20:09:41'),(35,35,'debitis',6321784,NULL,35,'1985-11-21 02:54:02','2000-01-08 07:17:09'),(36,36,'quisquam',52069340,NULL,36,'2010-08-31 05:40:50','2003-12-09 19:48:04'),(37,37,'quia',33120,NULL,37,'1987-07-04 06:38:21','2002-06-09 13:54:31'),(38,38,'vel',7,NULL,38,'2015-12-21 13:50:49','1982-12-27 23:08:52'),(39,39,'cum',83065,NULL,39,'2014-07-29 14:11:14','1985-07-22 10:38:08'),(40,40,'ea',0,NULL,40,'2001-09-06 21:53:33','1970-12-25 10:44:01'),(41,41,'et',0,NULL,41,'2005-09-29 10:59:34','2016-04-14 10:24:23'),(42,42,'accusamus',88958,NULL,42,'2005-01-22 02:14:10','2011-05-03 19:25:11'),(43,43,'numquam',0,NULL,43,'2011-09-22 16:34:00','1986-12-28 10:01:19'),(44,44,'sed',0,NULL,44,'2006-03-04 02:30:00','1989-05-13 16:31:01'),(45,45,'qui',0,NULL,45,'1997-01-30 22:41:46','2000-07-02 10:38:07'),(46,46,'odio',387544220,NULL,46,'1994-10-02 23:17:04','1995-03-04 08:19:21'),(47,47,'illum',7,NULL,47,'1997-01-05 16:19:00','1970-10-17 06:41:57'),(48,48,'quo',49,NULL,48,'2000-08-04 02:49:59','1987-01-04 05:30:07'),(49,49,'vero',144362550,NULL,49,'1994-01-26 17:11:58','2013-09-24 12:57:50'),(50,50,'perspiciatis',935933860,NULL,50,'2012-07-30 11:22:53','1996-05-28 01:25:05'),(51,51,'omnis',3,NULL,51,'1997-11-01 16:16:01','1970-09-25 20:33:46'),(52,52,'accusamus',97966982,NULL,52,'1980-01-21 05:04:42','1971-01-30 11:14:22'),(53,53,'qui',6448,NULL,53,'1988-09-04 03:38:57','2006-09-26 22:33:13'),(54,54,'nobis',8778,NULL,54,'2000-01-09 09:18:46','2013-04-18 04:58:34'),(55,55,'sapiente',954,NULL,55,'1972-06-08 14:03:32','2006-05-08 14:53:10'),(56,56,'aspernatur',9816,NULL,56,'1991-07-20 22:57:37','2000-10-18 06:50:43'),(57,57,'ipsa',2319124,NULL,57,'2020-08-10 00:00:15','1979-08-16 15:30:01'),(58,58,'aspernatur',909605,NULL,58,'2009-06-03 14:35:07','2004-12-12 02:45:24'),(59,59,'quod',940,NULL,59,'1987-02-12 05:11:56','1998-07-21 14:38:02'),(60,60,'voluptatibus',89514,NULL,60,'1990-07-07 18:24:57','1975-04-08 21:47:17'),(61,61,'molestias',3,NULL,61,'1976-03-27 04:32:41','1997-12-29 11:57:11'),(62,62,'quos',0,NULL,62,'2020-08-18 21:43:38','2015-07-27 19:23:02'),(63,63,'rerum',27430,NULL,63,'1985-07-24 11:54:04','1995-11-20 08:12:49'),(64,64,'vitae',57545695,NULL,64,'1976-05-19 19:50:13','1981-09-24 14:33:49'),(65,65,'ut',404071817,NULL,65,'1982-09-08 15:26:32','1974-10-29 09:09:58'),(66,66,'dolores',63,NULL,66,'1975-04-08 19:00:03','2012-04-01 12:43:45'),(67,67,'laudantium',413,NULL,67,'1978-07-27 12:32:32','1991-06-27 23:04:17'),(68,68,'provident',6407157,NULL,68,'1995-09-05 21:08:25','2010-12-18 20:39:33'),(69,69,'quia',8675882,NULL,69,'1999-03-26 06:08:47','2005-03-10 02:30:06'),(70,70,'sunt',881,NULL,70,'2016-12-18 01:23:36','1973-10-07 13:13:56'),(71,71,'dolor',0,NULL,71,'2020-02-05 14:40:41','2011-12-10 22:45:43'),(72,72,'quo',9750,NULL,72,'1970-12-05 16:45:49','2011-07-08 20:30:00'),(73,73,'vitae',75337,NULL,73,'1976-12-01 09:55:13','1993-05-06 11:22:42'),(74,74,'quidem',75,NULL,74,'1977-05-12 18:26:22','1978-06-28 14:55:07'),(75,75,'dolorem',310262474,NULL,75,'1984-12-23 01:03:26','2004-08-01 11:09:24'),(76,76,'optio',4341433,NULL,76,'2004-05-28 18:57:14','1980-10-09 09:19:09'),(77,77,'culpa',67,NULL,77,'1976-05-02 06:52:52','2000-06-01 21:04:01'),(78,78,'sed',4,NULL,78,'1983-11-18 03:38:54','1970-06-27 02:15:04'),(79,79,'saepe',9385,NULL,79,'1991-05-02 01:48:48','1987-06-29 15:16:40'),(80,80,'ullam',589,NULL,80,'1994-02-13 13:36:13','2014-09-26 02:48:43'),(81,81,'officiis',0,NULL,81,'2015-01-06 06:40:53','2014-03-25 18:12:26'),(82,82,'quis',9,NULL,82,'1992-06-17 08:14:29','2017-01-07 09:06:36'),(83,83,'sunt',88,NULL,83,'2006-11-23 02:36:25','1999-06-20 07:29:22'),(84,84,'distinctio',0,NULL,84,'1991-07-10 01:38:36','1994-09-14 04:38:58'),(85,85,'nulla',3,NULL,85,'1974-01-24 22:36:15','1995-04-08 22:32:24'),(86,86,'velit',0,NULL,86,'2006-07-17 03:40:02','1995-11-30 16:09:17'),(87,87,'atque',4429197,NULL,87,'1970-08-05 17:50:52','2007-02-07 21:26:13'),(88,88,'consequatur',594235,NULL,88,'1973-02-09 12:42:31','1986-04-16 16:48:52'),(89,89,'doloribus',8,NULL,89,'1978-05-18 06:29:49','1983-03-27 11:44:55'),(90,90,'velit',306770,NULL,90,'1986-08-15 09:18:11','1988-01-21 12:20:16'),(91,91,'et',81843808,NULL,91,'1976-04-08 12:54:05','2011-04-04 17:21:43'),(92,92,'eos',49,NULL,92,'1972-02-18 11:37:02','1980-07-04 15:19:37'),(93,93,'quod',359255,NULL,93,'2004-08-20 00:45:51','1983-04-18 11:06:12'),(94,94,'est',0,NULL,94,'1974-08-18 02:34:09','1974-03-17 07:03:15'),(95,95,'ipsam',7,NULL,95,'1971-10-04 11:07:08','1994-02-28 11:41:40'),(96,96,'laboriosam',983760,NULL,96,'2010-03-29 21:23:44','1983-09-07 15:03:00'),(97,97,'voluptatem',1115,NULL,97,'1975-04-18 15:02:54','2014-07-13 12:47:10'),(98,98,'est',205460776,NULL,98,'2002-09-01 01:19:28','2016-05-22 19:25:33'),(99,99,'molestias',70,NULL,99,'2013-06-06 23:08:48','1975-11-03 15:16:17'),(100,100,'enim',70355273,NULL,100,'2002-05-12 04:44:08','1995-11-21 01:37:48');
/*!40000 ALTER TABLE `media` ENABLE KEYS */;
UNLOCK TABLES;

--
-- Table structure for table `media_types`
--

DROP TABLE IF EXISTS `media_types`;
/*!40101 SET @saved_cs_client     = @@character_set_client */;
/*!50503 SET character_set_client = utf8mb4 */;
CREATE TABLE `media_types` (
  `id` int unsigned NOT NULL AUTO_INCREMENT COMMENT 'Идентификатор строки',
  `name` varchar(255) NOT NULL COMMENT 'Название типа',
  `created_at` datetime DEFAULT CURRENT_TIMESTAMP COMMENT 'Время создания строки',
  `updated_at` datetime DEFAULT CURRENT_TIMESTAMP ON UPDATE CURRENT_TIMESTAMP COMMENT 'Время обновления строки',
  PRIMARY KEY (`id`),
  UNIQUE KEY `name` (`name`)
) ENGINE=InnoDB AUTO_INCREMENT=101 DEFAULT CHARSET=utf8mb4 COLLATE=utf8mb4_0900_ai_ci COMMENT='Типы медиафайлов';
/*!40101 SET character_set_client = @saved_cs_client */;

--
-- Dumping data for table `media_types`
--

LOCK TABLES `media_types` WRITE;
/*!40000 ALTER TABLE `media_types` DISABLE KEYS */;
INSERT INTO `media_types` VALUES (1,'est','2003-12-09 19:55:28','1992-03-05 22:59:49'),(2,'nulla','2008-06-15 09:45:41','1993-05-13 09:56:06'),(3,'quia','1979-06-10 18:42:31','1980-09-09 08:22:01'),(4,'ea','1980-02-29 22:45:17','1982-01-11 00:01:16'),(5,'eaque','2008-02-22 16:45:32','1986-09-28 05:28:33'),(6,'debitis','1976-09-21 23:01:11','2006-05-16 19:02:22'),(7,'enim','1982-11-29 02:58:46','1987-04-04 21:01:50'),(8,'dolorem','2011-03-07 12:56:39','1982-05-15 20:40:07'),(9,'illum','1998-12-27 12:35:45','1989-04-07 02:16:22'),(10,'minus','1976-03-10 17:48:41','1971-09-03 02:24:24'),(11,'nemo','1986-03-02 17:42:33','1982-05-04 17:37:13'),(12,'eum','1991-07-14 06:31:04','2005-11-09 21:10:49'),(13,'qui','1995-07-23 09:03:53','1991-11-20 10:00:35'),(14,'minima','1984-08-31 16:03:57','1985-01-25 13:38:39'),(15,'animi','2004-01-26 11:59:31','1981-02-12 07:56:25'),(16,'odit','2008-07-21 12:02:40','2010-06-16 05:44:24'),(17,'dolorum','2007-11-03 20:18:05','1984-05-10 06:53:04'),(18,'placeat','2013-03-29 07:05:11','1985-10-09 18:02:04'),(19,'cumque','1994-06-01 02:03:47','1986-05-24 06:23:11'),(20,'error','1980-12-15 12:48:23','1991-08-14 16:15:13'),(21,'tempora','1977-09-09 16:31:35','1996-06-16 10:20:53'),(22,'necessitatibus','2015-04-28 20:20:36','2005-07-07 02:28:06'),(23,'excepturi','1986-12-14 08:06:20','2012-10-25 10:28:15'),(24,'amet','1977-08-27 22:09:34','2005-06-28 09:31:39'),(25,'nihil','2016-08-21 20:09:14','1983-05-04 02:54:35'),(26,'perspiciatis','2001-10-05 17:55:38','2014-02-08 05:33:55'),(27,'natus','2015-07-25 05:13:44','2010-02-05 01:00:34'),(28,'dolore','1992-03-04 11:34:22','2018-01-28 23:57:02'),(29,'atque','1984-07-02 21:54:13','1976-01-10 17:38:54'),(30,'exercitationem','1976-12-31 02:07:09','1978-11-21 01:29:46'),(31,'et','1989-04-13 01:25:35','1976-11-11 19:04:22'),(32,'recusandae','1972-09-01 15:04:30','2012-08-05 01:55:30'),(33,'nobis','2012-07-01 23:33:39','2009-11-15 03:30:54'),(34,'quibusdam','2013-12-10 17:29:06','1974-11-13 20:14:59'),(35,'incidunt','2001-12-31 17:22:28','2007-02-05 00:29:38'),(36,'eligendi','2013-10-23 02:02:08','2019-12-24 01:36:18'),(37,'vero','2011-08-04 16:32:03','1972-06-03 13:50:55'),(38,'sunt','1985-09-05 17:21:00','1992-09-02 16:42:39'),(39,'impedit','2013-12-03 15:45:14','1987-04-09 06:19:39'),(40,'nesciunt','1972-06-04 04:25:53','1977-01-27 08:45:21'),(41,'voluptatem','1994-02-23 18:04:23','2016-01-22 01:10:53'),(42,'fugit','1981-01-25 19:56:26','1985-03-26 04:47:42'),(43,'non','2006-04-04 09:23:58','1988-10-16 09:26:12'),(44,'cupiditate','1986-01-01 11:58:29','1977-08-16 15:55:55'),(45,'eos','2005-04-10 11:42:44','1970-05-21 13:32:14'),(46,'rem','2007-04-18 08:03:10','1991-09-21 09:38:10'),(47,'esse','1996-02-12 23:14:08','1984-10-03 16:16:10'),(48,'ut','2010-08-10 16:37:24','1975-11-24 18:33:17'),(49,'dolor','2008-02-06 10:17:58','1991-02-16 04:43:40'),(50,'facere','1986-03-26 23:20:36','2004-10-03 16:22:58'),(51,'voluptas','1980-02-04 09:10:50','2017-04-13 03:41:49'),(52,'tenetur','2016-08-11 16:39:31','2013-06-19 17:21:53'),(53,'harum','1971-06-25 01:55:02','1984-08-14 14:28:43'),(54,'iure','1972-11-22 02:01:05','2009-08-31 20:39:58'),(55,'aut','2009-11-23 21:45:34','1976-09-15 10:55:15'),(56,'id','2015-10-26 10:58:08','1991-08-25 06:15:35'),(57,'eveniet','1987-02-02 23:05:21','2012-10-17 12:06:50'),(58,'facilis','2018-01-18 10:06:26','2008-04-21 13:55:03'),(59,'autem','1987-10-04 19:48:05','1992-04-17 07:24:50'),(60,'rerum','1979-04-19 16:46:29','2019-10-18 09:12:32'),(61,'alias','1988-10-22 01:15:16','2017-10-27 22:39:56'),(62,'corporis','1998-11-12 10:39:47','1976-05-06 08:01:45'),(63,'optio','1979-01-22 11:41:18','1998-06-11 10:04:47'),(64,'consequatur','1985-03-20 18:27:57','2001-01-21 03:23:55'),(65,'cum','2012-05-19 13:53:06','1975-01-09 23:48:28'),(66,'fugiat','2015-03-03 07:59:10','2019-06-09 23:13:51'),(67,'in','2005-01-21 20:26:32','2018-07-20 02:35:21'),(68,'numquam','1976-10-27 00:42:30','2014-02-14 03:54:26'),(69,'ex','2020-06-11 06:22:47','2003-12-02 05:50:48'),(70,'adipisci','1986-01-05 17:44:40','1972-12-30 16:55:29'),(71,'distinctio','2003-12-24 23:21:51','2016-07-01 23:18:45'),(72,'unde','1995-08-23 10:46:09','1994-12-05 19:12:51'),(73,'quam','1971-09-11 21:50:11','1995-06-25 12:32:12'),(74,'soluta','2007-05-18 07:17:44','2010-03-20 03:54:50'),(75,'aspernatur','2016-10-11 04:53:34','2002-10-31 14:28:04'),(76,'omnis','1983-10-07 06:26:35','2017-05-18 11:44:24'),(77,'velit','1992-02-01 20:56:32','1990-08-10 11:22:54'),(78,'accusamus','1993-04-13 13:13:13','1977-12-24 18:37:40'),(79,'ducimus','2014-07-31 08:56:34','1979-06-25 00:12:20'),(80,'expedita','1997-09-22 01:40:30','2016-02-25 03:20:24'),(81,'ratione','1989-02-26 23:40:53','1979-05-08 16:03:00'),(82,'tempore','1972-10-29 14:37:55','1976-12-18 19:14:05'),(83,'molestiae','2003-08-11 19:01:12','2012-05-17 19:52:54'),(84,'deserunt','2001-08-30 03:14:00','2008-09-08 03:21:59'),(85,'deleniti','1986-03-31 15:19:03','1996-10-04 01:22:32'),(86,'consectetur','1989-04-15 07:22:15','1971-12-19 21:15:33'),(87,'veniam','2000-01-17 08:44:19','2000-05-30 17:58:00'),(88,'totam','2017-01-21 15:51:35','2017-09-12 22:41:11'),(89,'sit','1997-06-01 17:30:07','2015-04-29 07:28:52'),(90,'illo','1970-07-18 22:57:29','1983-04-21 10:24:06'),(91,'maiores','1998-12-04 16:33:30','2002-11-04 11:56:55'),(92,'perferendis','2000-09-10 08:14:15','1982-03-11 02:58:55'),(93,'voluptatibus','1990-07-07 18:38:28','1977-11-15 18:36:39'),(94,'quae','2005-06-10 04:51:34','1995-08-07 20:18:38'),(95,'nam','2004-11-05 01:17:29','1994-01-08 06:53:27'),(96,'doloribus','2008-01-14 04:50:37','2007-09-26 19:44:13'),(97,'voluptatum','2007-05-15 09:43:44','1972-11-28 17:30:26'),(98,'pariatur','1999-05-18 22:14:55','1975-05-19 04:46:29'),(99,'quos','1989-12-14 21:56:51','2017-07-20 00:14:54'),(100,'nisi','2001-05-18 07:43:06','2020-05-25 16:36:39');
/*!40000 ALTER TABLE `media_types` ENABLE KEYS */;
UNLOCK TABLES;

--
-- Table structure for table `messages`
--

DROP TABLE IF EXISTS `messages`;
/*!40101 SET @saved_cs_client     = @@character_set_client */;
/*!50503 SET character_set_client = utf8mb4 */;
CREATE TABLE `messages` (
  `id` int unsigned NOT NULL AUTO_INCREMENT COMMENT 'Идентификатор строки',
  `from_user_id` int unsigned NOT NULL COMMENT 'Ссылка на отправителя сообщения',
  `to_user_id` int unsigned NOT NULL COMMENT 'Ссылка на получателя сообщения',
  `body` text NOT NULL COMMENT 'Текст сообщения',
  `is_important` tinyint(1) DEFAULT NULL COMMENT 'Признак важности',
  `is_delivered` tinyint(1) DEFAULT NULL COMMENT 'Признак доставки',
  `created_at` datetime DEFAULT CURRENT_TIMESTAMP COMMENT 'Время создания строки',
  `updated_at` datetime DEFAULT CURRENT_TIMESTAMP ON UPDATE CURRENT_TIMESTAMP COMMENT 'Время обновления строки',
  PRIMARY KEY (`id`)
) ENGINE=InnoDB AUTO_INCREMENT=101 DEFAULT CHARSET=utf8mb4 COLLATE=utf8mb4_0900_ai_ci COMMENT='Сообщения';
/*!40101 SET character_set_client = @saved_cs_client */;

--
-- Dumping data for table `messages`
--

LOCK TABLES `messages` WRITE;
/*!40000 ALTER TABLE `messages` DISABLE KEYS */;
INSERT INTO `messages` VALUES (1,1,1,'At ad quo voluptates ex. Saepe rerum veritatis praesentium est dolorum maiores ea. Hic vel et in nostrum maxime. Dolore sed sapiente dolores at sit est.',1,0,'1995-11-07 12:53:35','2018-06-03 10:38:43'),(2,2,2,'Architecto sint qui doloribus deleniti impedit voluptas. Soluta illum impedit error. Odit et delectus quidem velit asperiores consectetur.',0,1,'2005-11-19 21:42:30','1974-06-30 00:16:55'),(3,3,3,'Voluptatem soluta inventore et voluptas. Nihil eaque est occaecati adipisci minus quisquam ut. Tempora et error blanditiis doloremque unde sit voluptas culpa.',0,0,'1989-04-20 22:27:58','1975-11-26 03:44:08'),(4,4,4,'Sequi ad vel quam vel sequi reiciendis enim aut. Quos asperiores tenetur vero nostrum. Molestiae sit tenetur dignissimos voluptatem. Odit unde sint voluptate mollitia ea possimus beatae.',0,1,'1979-06-20 22:56:04','2014-07-14 20:31:59'),(5,5,5,'Perspiciatis corrupti id maxime quasi repellat. Sint non quaerat quo repellat laudantium eius sit doloribus. Molestiae nisi dolore itaque consequuntur nemo ullam nostrum. Omnis accusantium quas id rerum dolores.',0,1,'2017-09-03 22:28:32','2020-01-22 08:40:34'),(6,6,6,'Ut incidunt qui architecto enim aperiam fuga exercitationem. Sed eveniet excepturi consequuntur libero eligendi nostrum ducimus. Rerum est non repudiandae possimus. Assumenda delectus iure ad qui.',1,1,'1999-12-03 19:30:43','2005-12-31 10:40:14'),(7,7,7,'Deserunt doloribus a magnam est et rerum odio. Eaque earum maiores assumenda repudiandae qui est repudiandae. Omnis nemo ratione assumenda quis aut nisi ut.',0,1,'2010-11-24 14:27:21','1974-03-15 13:20:44'),(8,8,8,'Ut voluptas praesentium eveniet pariatur vel quos omnis. Doloremque eos qui molestiae rerum. Ex beatae voluptatem esse similique aut est provident sed. Voluptatum est earum quod et reprehenderit corporis iste.',0,1,'2014-03-05 14:52:50','1999-05-24 03:30:27'),(9,9,9,'Maxime quia repellat sapiente est adipisci. Error et soluta ut velit. Occaecati voluptatibus voluptates veniam rem. Ab est similique enim. Neque sint quidem earum et delectus accusantium quaerat ea.',1,0,'2013-03-07 04:29:35','2019-07-25 16:25:34'),(10,10,10,'Modi quod quod consectetur officiis alias veniam. Repellendus quam perspiciatis cupiditate expedita fugit. Reiciendis voluptatum eius earum illo quos. Vitae consectetur porro et sunt sed totam ad.',0,0,'1973-06-15 11:29:41','1995-04-20 03:36:57'),(11,11,11,'Nostrum nihil omnis similique consectetur iusto. Reiciendis quas iure voluptates.',0,1,'1983-04-07 08:04:05','1971-04-10 10:40:30'),(12,12,12,'Voluptatem fuga cumque dolorem velit itaque blanditiis aut. A dignissimos asperiores reiciendis officia veritatis. Dolorem molestiae quis error et.',0,1,'1988-12-08 01:44:27','1984-04-03 18:07:48'),(13,13,13,'Aut quod distinctio assumenda. Mollitia distinctio est quia necessitatibus molestiae perspiciatis. Non aut nihil tempora quia ipsam. Voluptate nesciunt unde quisquam et reprehenderit cupiditate. Cum ipsum fugiat ab excepturi.',1,1,'2020-10-11 11:05:16','1976-01-12 19:33:24'),(14,14,14,'Velit placeat aliquam ea quae est expedita sed perspiciatis. Animi eos maiores odio harum doloremque sapiente est molestias. Quae nostrum ducimus ratione a.',0,0,'1983-05-03 06:09:37','1986-07-24 14:02:14'),(15,15,15,'Fugit in fugit et fugiat dignissimos illo. Sed sunt occaecati vel praesentium laboriosam. Adipisci corporis et ipsam repellendus fuga.',0,0,'2015-07-15 10:16:02','1987-10-05 02:15:19'),(16,16,16,'Molestiae repudiandae unde facilis voluptas eos rem. Sed architecto ea incidunt atque iste alias quos. Consequatur non incidunt ut sit excepturi eum.',0,1,'1974-09-01 01:52:08','1978-06-13 16:56:12'),(17,17,17,'Odio quo quasi harum ea occaecati. Vel autem aut placeat ut.',1,0,'2005-01-07 13:25:26','2010-09-25 11:56:00'),(18,18,18,'Eligendi et accusantium aliquam et enim quaerat. Voluptatem ut laboriosam qui numquam qui. Alias enim officia blanditiis quo explicabo ad.',0,1,'1998-09-24 02:51:54','1997-08-30 20:44:30'),(19,19,19,'Deleniti blanditiis sunt quia et qui. Illum expedita animi animi hic nihil qui inventore. Perferendis et quo temporibus quaerat reiciendis minima. Qui amet ipsam accusamus dolorem nesciunt velit. Et aliquid aut alias cumque laboriosam perspiciatis doloremque.',0,0,'2020-05-01 13:43:36','2018-10-26 17:00:23'),(20,20,20,'Perspiciatis vel ut sit modi in cumque. Rerum et ducimus accusantium cum facilis eos. Illo voluptas expedita consectetur voluptatem repellendus ab culpa. Neque dolorem nostrum eaque.',1,0,'1982-05-06 12:14:06','1988-11-09 03:35:22'),(21,21,21,'Et veritatis tempore amet voluptatem. Reprehenderit dolores est voluptates aut.',0,0,'2009-04-25 20:12:25','1988-07-04 07:49:24'),(22,22,22,'Eum quos exercitationem ut et. Omnis autem autem voluptas quaerat atque aut ut aut. Sunt blanditiis iusto nemo totam accusantium et perspiciatis. Commodi perferendis ratione eveniet magnam accusamus.',0,0,'2007-05-28 12:51:58','2010-01-10 18:48:27'),(23,23,23,'Enim saepe qui voluptate. Qui quo possimus consequatur modi aut nemo. Magnam consequatur omnis harum. Illo molestiae expedita et et rem eum. Quae officiis magni molestiae.',1,1,'1983-03-06 23:35:36','1996-09-10 17:32:33'),(24,24,24,'Voluptatem facilis ad et consectetur placeat rerum. Nisi qui qui quod laudantium praesentium vel velit. Quas illum impedit officiis. Ex consequatur deleniti sed tempora error non ut. Reiciendis voluptate fugit provident iusto.',1,1,'2006-04-22 15:12:32','1979-03-07 15:12:26'),(25,25,25,'Consequatur perspiciatis a et est voluptates dignissimos. Adipisci veritatis vero voluptatibus delectus error ratione nisi. Voluptate expedita dolor magnam nostrum corporis eveniet expedita. Nobis vel architecto alias nesciunt non vel voluptates.',0,0,'1991-08-22 04:56:36','2008-11-04 06:05:27'),(26,26,26,'Voluptate qui non rerum. Itaque delectus fugit accusamus. Voluptate quasi impedit autem recusandae accusamus et dolor sed. Laborum debitis dolores ut aut veniam.',0,1,'2002-12-18 23:21:29','1999-07-29 01:44:58'),(27,27,27,'Vitae hic animi itaque maxime saepe. Quas quam itaque ex a.',0,0,'2007-10-31 07:22:02','1980-08-28 18:52:07'),(28,28,28,'Eveniet nesciunt et consequatur ex. Natus harum consectetur repudiandae similique. Debitis dicta ut sit numquam ducimus ratione vel. Itaque voluptatem et amet quia sit exercitationem dolores a.',0,1,'1981-10-08 17:22:29','2015-09-28 13:55:17'),(29,29,29,'Quis impedit et culpa animi consequuntur non. Ab exercitationem cupiditate et nihil. Omnis alias nostrum repellat et. Modi ipsa voluptatem facere et minus.',1,0,'2010-03-11 11:28:48','1977-10-30 10:24:16'),(30,30,30,'Et quia modi ipsam modi pariatur sed beatae. Nobis eius iure et tempore id velit vero. Quibusdam consequatur soluta corporis qui labore sit. Harum quaerat deserunt at voluptatibus velit voluptatem.',0,1,'1985-01-01 17:19:14','1983-05-03 17:24:30'),(31,31,31,'Eligendi et magni ducimus quae recusandae earum ut. Quis rerum aliquam ut optio ut necessitatibus.',1,1,'1994-11-23 16:33:49','1976-03-03 16:40:25'),(32,32,32,'Praesentium dolores ut velit et dolor corporis. Qui reprehenderit enim aliquam in et. Fugiat nobis enim sit molestias suscipit a id aspernatur.',0,0,'1991-07-23 05:20:24','1973-12-07 14:35:09'),(33,33,33,'Omnis hic voluptatum quis atque soluta. Maxime consequatur sit provident sit odio est at. Qui doloremque velit tempore natus aut optio dolorum quidem.',1,0,'1973-10-10 20:31:49','1975-12-25 09:13:22'),(34,34,34,'Sunt voluptatibus itaque occaecati. Et iusto eos veniam. Nemo nisi qui tempora qui voluptates laudantium. Architecto molestiae tenetur mollitia ea accusantium eius illum unde.',0,0,'1991-11-09 07:57:40','1993-08-26 20:37:10'),(35,35,35,'Praesentium quibusdam vitae autem modi nobis qui placeat. Voluptatem et voluptatem quis facere sapiente praesentium. Nesciunt sequi explicabo et voluptatum voluptates.',1,0,'1982-07-12 11:55:05','1995-07-26 04:09:55'),(36,36,36,'Nulla quo cumque aut modi numquam. Sed enim vitae cum enim omnis aut. Numquam illum dolorem sit. Ipsum delectus eos magni.',0,1,'1998-01-12 17:02:14','1975-08-10 10:04:51'),(37,37,37,'Labore omnis aut quasi. Ipsum maiores id possimus dolores qui natus labore. Sequi eum quod nihil et aut. Minus voluptatem quam optio sunt minus. Illum aut aliquid modi minima deserunt provident.',0,1,'2012-05-16 21:30:41','2015-08-17 15:39:11'),(38,38,38,'Eos nulla vel et. Repellendus placeat harum reprehenderit magnam unde accusamus sunt. Reiciendis sint aliquam sint eligendi commodi impedit nostrum. Nihil et praesentium ut voluptatibus ut.',1,0,'1983-11-27 04:14:30','1990-11-26 00:01:11'),(39,39,39,'Molestiae est fugiat velit est molestiae dolorem vitae. Ipsam vero ut aut doloribus.',1,0,'1970-06-14 09:25:10','1992-12-12 13:32:09'),(40,40,40,'Quis iusto dolorem odit quae ea autem dolor non. Veritatis aspernatur nobis mollitia vel laborum. Fugit id eos quo.',0,1,'2006-04-01 13:52:41','2011-12-01 17:08:11'),(41,41,41,'Inventore nobis rerum temporibus mollitia. Quia facilis eveniet ut ea. Eum assumenda necessitatibus ratione dolorem ut corporis.',0,1,'2000-11-01 03:19:12','1991-08-02 05:07:44'),(42,42,42,'Sed eum velit autem possimus expedita iste. Ea consequuntur quis est similique. Aut quis omnis est ipsam. Praesentium ipsa rerum iste.',1,1,'2012-08-07 10:58:59','2017-12-31 18:49:04'),(43,43,43,'Amet voluptas nostrum laborum provident. Voluptatem omnis sunt qui quasi voluptates. Provident rerum sed ullam labore qui ratione. Placeat rerum voluptatem odit est vel molestiae. Odio deserunt similique numquam ut reprehenderit sapiente.',0,1,'2020-01-12 03:48:29','1999-12-23 08:49:41'),(44,44,44,'Possimus qui rem perferendis a expedita non saepe non. Pariatur ea neque quidem quis et modi. Natus earum temporibus eius non. Odio provident quaerat beatae qui aut omnis sapiente.',0,0,'2016-11-27 00:41:24','1995-03-07 23:30:39'),(45,45,45,'Inventore illo tempora odio corrupti ut. Labore iusto et voluptas laborum. Nisi cumque maiores ad consequuntur dolorum veniam nesciunt. Beatae veritatis dolore officia et aut sit alias.',1,1,'1987-04-16 09:21:55','1981-03-22 13:16:06'),(46,46,46,'Ut voluptatem quo assumenda blanditiis ut est deleniti. Non quae omnis dolorem et dolores debitis. Ut dolorem doloremque et est. Eos quia nihil minus ut et.',0,0,'2006-04-20 13:09:29','2001-11-24 01:54:04'),(47,47,47,'Autem qui voluptatibus error suscipit. Ut accusantium id nulla eos et dolores ex. Mollitia alias qui necessitatibus. Eaque debitis officia qui aut. Facere dolorum porro quo aliquam consequuntur molestiae autem.',1,1,'1973-12-21 05:29:41','1988-11-01 08:23:27'),(48,48,48,'At dolorum possimus soluta occaecati et eaque sint. Animi totam molestiae sapiente quia quaerat. Sit consequatur corporis ipsum et aut qui. Architecto nobis a veniam sed.',0,1,'1987-10-06 14:14:12','1993-04-17 02:08:05'),(49,49,49,'Blanditiis illum nobis voluptatum quo. Earum ut facilis ea omnis asperiores aut. Aliquam maiores placeat iste quam numquam quasi qui. Sit eos blanditiis dolorem assumenda aperiam porro. Possimus repudiandae rerum praesentium hic non.',0,1,'2016-04-10 18:05:42','1989-08-08 05:55:01'),(50,50,50,'Fugit nihil ex repudiandae eaque quis beatae fugit. Velit eum provident soluta quasi nam est assumenda.',0,0,'1987-11-29 04:25:12','1987-01-11 21:20:34'),(51,51,51,'Et repellendus temporibus animi similique. Quisquam doloremque rerum iure qui corporis qui.',0,1,'2013-03-18 06:25:24','1998-11-05 02:13:21'),(52,52,52,'Est aliquid et libero perspiciatis quos architecto odio debitis. Qui sapiente sint expedita perferendis sed quia autem. Debitis vitae est pariatur vel dolorum.',0,0,'1973-09-15 02:05:13','2017-08-09 10:03:34'),(53,53,53,'Debitis quia vel et. Voluptatibus laborum ut doloremque cum quia dolores. Explicabo deleniti modi ex odio qui laboriosam. Optio nemo consequuntur rerum nam illum.',1,1,'1970-11-21 22:25:04','1979-07-04 10:09:19'),(54,54,54,'Ratione rerum impedit et quas qui et aspernatur aut. Voluptates voluptatum nam dicta rerum omnis ut. Molestiae corporis et et eos possimus occaecati.',0,0,'1971-07-27 03:04:20','1988-04-26 05:48:18'),(55,55,55,'Alias sunt est et deleniti aperiam. Ut quis inventore labore aliquid. Ut nam non blanditiis et. Repellat est veniam et velit ut excepturi et.',1,1,'1998-05-18 15:48:12','2020-03-02 03:27:36'),(56,56,56,'Alias autem numquam fugiat qui qui. Sapiente ut dolores ut quibusdam dolores eligendi. Cum aut quis quia quos. Consequatur aut aperiam illum quae possimus ab fugiat.',1,0,'1996-04-07 14:03:30','1975-07-22 03:49:01'),(57,57,57,'Asperiores soluta voluptate possimus consectetur sequi. Quasi nemo ipsam dolores nisi. Delectus et veniam doloribus qui. Est et illo et aut neque.',1,1,'1975-06-10 01:31:04','1987-10-16 12:50:38'),(58,58,58,'Nostrum distinctio explicabo repudiandae impedit quia occaecati. Voluptas laboriosam autem ratione officiis magni.',1,1,'1996-08-09 10:55:33','2003-02-21 04:55:19'),(59,59,59,'Dolor pariatur similique voluptatem sit maxime. Illum enim eos in rerum consequatur ea. Adipisci dignissimos illo sit nostrum aut non illo. Cupiditate qui eum rerum qui autem.',0,0,'1985-09-07 03:14:03','1976-06-02 07:43:34'),(60,60,60,'Culpa vero minus repellat dolor odio eum qui. Rerum est placeat nesciunt dolorum consequatur recusandae distinctio. Sed dignissimos dolores et non. Accusamus voluptas consequuntur voluptatibus fugit atque.',0,0,'2009-09-19 22:42:01','2000-05-14 11:41:56'),(61,61,61,'Expedita nobis soluta laborum. Minima aut quasi sed occaecati quasi. Aspernatur minima nam non sed asperiores ratione quae.',0,0,'2002-01-12 04:52:34','1984-11-28 15:36:29'),(62,62,62,'Aliquid ipsam quaerat et aut. Eum molestiae iusto ipsum. Nulla sed omnis et repellat. Tempora ut consectetur animi sint ut voluptatem.',1,1,'1985-02-03 02:33:13','1995-01-24 18:25:59'),(63,63,63,'Corporis voluptatem repellendus eaque provident non vitae excepturi eum. Adipisci beatae sapiente nulla neque velit corporis dolorem velit. Expedita natus minima cum illo dolorum sint.',0,1,'1977-12-21 14:31:03','1993-12-26 19:17:57'),(64,64,64,'Quaerat porro incidunt adipisci. Ratione ipsa vel delectus. Ducimus quas ducimus iure consectetur recusandae autem.',0,0,'1985-09-11 03:02:40','1994-07-29 09:56:31'),(65,65,65,'Qui omnis non ut unde totam velit eius. Aliquid nobis est harum quis natus est ut.',0,0,'1978-05-22 20:10:17','2008-01-17 20:41:14'),(66,66,66,'In dolorem dolorem rerum enim. Culpa rerum vitae quos. Nemo eius deleniti et minima. Eum dolor cum libero aut. Esse deleniti voluptas aut aliquam et debitis.',1,0,'2013-12-20 20:31:56','1980-08-07 10:39:42'),(67,67,67,'Odio aut amet quos quia cum alias dicta. Et sunt dolorum voluptatem dicta fuga dolorum. Repellat enim eligendi provident et et adipisci omnis.',1,1,'1985-05-19 01:35:01','1982-02-21 17:35:38'),(68,68,68,'Et ullam quo soluta et enim. Fugiat et et sapiente qui explicabo vel. Fugiat iste id architecto voluptate ad repellat sint.',0,0,'1971-08-30 12:30:33','1999-11-07 07:41:35'),(69,69,69,'Delectus quis enim voluptatum aperiam dolorem. Quos pariatur minima voluptatem sapiente nobis pariatur. Quia nostrum quia vero vel quam. Est nesciunt nobis inventore quisquam. Voluptatibus enim tenetur excepturi necessitatibus perspiciatis officia ad.',1,0,'1991-12-12 04:40:22','1989-12-11 01:53:29'),(70,70,70,'Consequatur fugit dolorem ut alias. Quasi ratione qui quaerat odit optio est impedit. Porro vel libero nihil inventore vel sint. A voluptatem et at nihil.',0,1,'1999-11-17 02:20:39','2002-06-16 19:32:07'),(71,71,71,'Quas consequuntur officiis voluptatem itaque fugit. Debitis dolorem repudiandae provident eos aperiam molestias. Qui in autem minus nihil harum.',0,0,'1970-03-09 05:39:19','2020-03-02 09:53:14'),(72,72,72,'Quis mollitia voluptatem vel. Culpa asperiores dolor sint saepe qui autem. Sit deleniti doloribus eum quam earum et. Autem odit adipisci voluptas porro.',1,0,'2020-08-02 14:21:10','1986-08-17 19:39:31'),(73,73,73,'Quis voluptatem doloremque ea sint voluptatem consequatur. Non sit dolores nobis quia sunt aliquam.',0,0,'1995-07-11 06:15:44','2001-02-11 09:42:08'),(74,74,74,'Cum quibusdam molestiae rerum voluptatem porro omnis non. Non maiores non voluptas ut deleniti ut et. Dicta veniam et aut non odit.',0,1,'2009-07-27 00:42:01','2016-08-13 06:45:16'),(75,75,75,'Possimus quo dolores dolores veniam. Dolorem et adipisci unde sunt iure. Est animi eos magni assumenda.',1,0,'1971-04-20 02:54:12','1984-12-30 01:19:20'),(76,76,76,'Explicabo et quae facilis et magni dolorem. Est aut odio doloribus asperiores quasi possimus eaque aut. Qui nihil impedit iste non atque illum. Aut saepe placeat ipsam quibusdam doloribus. Quo quam quia dolores et reprehenderit voluptatem.',0,1,'1979-03-08 11:12:55','1977-09-16 18:42:06'),(77,77,77,'Quam est autem fugiat quo. Quae ratione et nam adipisci. Est ut pariatur consequatur et consequatur dolorum ipsa.',0,1,'2019-07-06 16:54:58','2014-07-31 11:29:48'),(78,78,78,'Sit tempora similique soluta error et fugit voluptas. Corrupti aut accusamus unde maxime. Ex animi repellat eum ipsum recusandae. Aut architecto omnis porro omnis asperiores nulla.',1,0,'1974-12-03 17:48:59','1984-11-14 12:36:46'),(79,79,79,'Sunt veniam natus qui ut. Aliquid iusto tenetur quidem autem possimus rerum doloremque. Aut labore ut fugiat sapiente quasi cum animi.',1,1,'1987-11-19 12:27:57','1984-11-05 12:26:47'),(80,80,80,'Quia esse et iusto illum. Quas deserunt atque accusantium nulla. Eum enim placeat consequatur cupiditate omnis magnam doloribus. Ducimus autem officia ipsum earum assumenda aspernatur possimus possimus. Vitae nesciunt debitis dolores saepe quas.',0,1,'1976-10-12 17:45:17','2005-10-01 13:21:47'),(81,81,81,'Illo a consectetur hic. Consequuntur quo suscipit minima a quisquam vel. Neque est nobis rerum similique non perferendis fugit.',1,1,'1981-06-16 19:44:08','2004-11-02 11:41:38'),(82,82,82,'Et totam saepe dolorem error tempore voluptates officiis. Voluptates odit sunt ea et libero. Facilis laborum voluptas officia eum vitae.',1,0,'2001-06-07 19:16:55','1985-03-06 04:21:39'),(83,83,83,'Ex qui illum ratione iste similique voluptas. Exercitationem dolorem architecto dolorem deleniti non sequi eligendi. Tenetur id repellendus exercitationem veniam consequatur quae. Incidunt aperiam et tempore quod alias cupiditate.',0,0,'2005-02-02 13:26:04','1986-06-14 20:06:54'),(84,84,84,'Aliquam sequi mollitia enim. Ea quis eius est fugit qui facilis. Eligendi doloribus consequuntur consectetur ut amet dolores.',1,0,'1988-09-06 12:11:33','1999-02-09 23:16:01'),(85,85,85,'Nihil quia qui officia tempora itaque quae ipsam. Error est aspernatur et ratione quam praesentium eaque hic. Impedit beatae et odio consequatur.',1,1,'2002-10-17 16:39:34','1974-05-17 12:59:12'),(86,86,86,'Dolorem repudiandae aut aut nobis qui. Eos consequatur illo nam. Omnis repellendus aut officia nulla tempora. Aut et odit quos rerum. Et voluptas hic recusandae quasi voluptatibus.',0,0,'1976-10-04 00:04:10','1991-11-13 01:42:59'),(87,87,87,'At iste laudantium quia rerum corporis. Sequi perferendis sed eum totam.',0,0,'2015-02-25 04:20:42','1975-07-15 22:01:42'),(88,88,88,'Accusantium non quos odio accusantium dolorem quo. Sed et dignissimos excepturi quod qui perferendis. Quibusdam quia explicabo ullam earum in doloremque dolorem. Nostrum odit dignissimos dolorum neque quas earum. Dicta minima sit ut officiis cumque.',0,0,'1998-05-21 11:43:58','1983-03-16 20:39:29'),(89,89,89,'Qui fuga qui cupiditate qui. Qui sed assumenda amet ut. Ea sunt sit perferendis et reiciendis inventore.',1,1,'2014-07-05 11:46:24','2012-08-04 06:22:19'),(90,90,90,'Natus nostrum ut laudantium maxime nihil. Aliquid aliquid natus qui officiis dolor. Facilis ab et alias quisquam modi.',0,0,'2014-12-09 21:44:11','2011-04-20 02:38:23'),(91,91,91,'Aliquam et rerum consequatur ut est excepturi impedit. Pariatur sunt facere earum beatae iste. Et reprehenderit et perspiciatis ea asperiores temporibus.',1,0,'2013-05-16 17:43:23','1979-09-07 12:53:08'),(92,92,92,'Fugit exercitationem autem sunt incidunt. Sunt voluptas a nobis cupiditate. Quasi eum temporibus esse animi in officiis. Assumenda atque nostrum nihil reprehenderit autem laboriosam aut.',1,0,'1979-12-14 21:16:53','1985-06-15 16:32:41'),(93,93,93,'Est adipisci esse reprehenderit vitae eveniet. Quia sint quia sed quis officiis est ea porro. Qui nemo possimus quis.',1,1,'1985-12-27 10:50:18','2020-09-06 21:36:31'),(94,94,94,'Aliquam doloribus eos sint facilis. Modi sequi libero qui. Dolore reiciendis placeat accusantium voluptates consequuntur ab vel. Ex quidem veritatis quam facilis.',0,0,'1972-09-04 05:25:46','2016-01-17 00:19:40'),(95,95,95,'Error expedita enim earum consequatur sed optio iusto. Quasi et corporis fugiat esse omnis omnis et. Perferendis placeat illo excepturi non aut quia.',0,1,'2000-03-23 06:01:10','1972-07-17 04:09:20'),(96,96,96,'Officiis tempora asperiores reprehenderit voluptatem magnam eum. Quibusdam repellat iusto ullam ratione repellendus mollitia dolor. Voluptas aut blanditiis in voluptas. Necessitatibus incidunt rem ut.',0,0,'2020-02-11 06:26:21','2009-09-18 04:57:41'),(97,97,97,'Dolorem officia odio sunt quisquam ullam beatae vero. Sint sint inventore modi est dolor enim laudantium.',1,0,'2015-04-15 16:31:26','1991-06-30 23:56:37'),(98,98,98,'Repellat dolor voluptatum modi et. Ab architecto praesentium odit veniam nihil. Harum qui in aperiam eius quaerat voluptate. Autem ipsam ab sunt iusto deserunt occaecati ducimus.',1,0,'2014-03-07 08:34:43','2012-07-23 13:20:47'),(99,99,99,'Omnis cum corporis quisquam aperiam blanditiis ea. Ratione ut qui quis alias id aspernatur. Unde qui odit nemo eos molestias. Dicta delectus accusantium est nihil. Quod dolore dolorum ea enim reprehenderit aliquam consequatur.',0,0,'1987-04-05 13:43:10','1973-10-15 04:28:35'),(100,100,100,'Cupiditate occaecati ut exercitationem. Nisi autem voluptas assumenda autem dolorem perferendis in. Eos enim at sed perferendis ipsa saepe. Veritatis laborum dolorum aperiam in suscipit ullam non.',1,1,'2000-09-03 11:45:29','1977-01-29 18:07:35');
/*!40000 ALTER TABLE `messages` ENABLE KEYS */;
UNLOCK TABLES;

--
-- Table structure for table `profiles`
--

DROP TABLE IF EXISTS `profiles`;
/*!40101 SET @saved_cs_client     = @@character_set_client */;
/*!50503 SET character_set_client = utf8mb4 */;
CREATE TABLE `profiles` (
  `user_id` int unsigned NOT NULL COMMENT 'Ссылка на пользователя',
  `gender` char(1) NOT NULL COMMENT 'Пол',
  `birthday` date DEFAULT NULL COMMENT 'Дата рождения',
  `photo_id` int unsigned DEFAULT NULL COMMENT 'Ссылка на основную фотографию пользователя',
  `status` varchar(30) DEFAULT NULL COMMENT 'Текущий статус',
  `city` varchar(130) DEFAULT NULL COMMENT 'Город проживания',
  `country` varchar(130) DEFAULT NULL COMMENT 'Страна проживания',
  `created_at` datetime DEFAULT CURRENT_TIMESTAMP COMMENT 'Время создания строки',
  `updated_at` datetime DEFAULT CURRENT_TIMESTAMP ON UPDATE CURRENT_TIMESTAMP COMMENT 'Время обновления строки',
  PRIMARY KEY (`user_id`)
) ENGINE=InnoDB DEFAULT CHARSET=utf8mb4 COLLATE=utf8mb4_0900_ai_ci COMMENT='Профили';
/*!40101 SET character_set_client = @saved_cs_client */;

--
-- Dumping data for table `profiles`
--

LOCK TABLES `profiles` WRITE;
/*!40000 ALTER TABLE `profiles` DISABLE KEYS */;
INSERT INTO `profiles` VALUES (1,'','1988-11-10',1,'Accusantium inventore blanditi','Morganburgh','2080','2011-08-18 16:26:01','1989-01-10 23:35:36'),(2,'','1982-06-04',2,'Rem deleniti tenetur neque ex.','Hellerberg','6447883','2002-05-04 22:19:04','2013-08-05 11:22:42'),(3,'','1995-11-06',3,'Quo totam alias voluptate tene','South Gardnerbury','83','2012-04-04 21:53:23','1982-04-01 08:34:36'),(4,'','2019-08-09',4,'Dolorem non sint repellat nece','South Janice','813274','1998-02-03 05:28:29','2019-04-19 22:14:42'),(5,'','1980-02-01',5,'Laboriosam maxime quis sequi f','East Ikeland','6570178','1982-12-23 16:00:20','1986-03-07 06:24:13'),(6,'','1992-12-14',6,'In beatae quo velit itaque pra','Port Stephania','8390','1990-03-08 10:14:49','1987-02-06 11:34:08'),(7,'','2005-04-06',7,'Commodi ea veniam earum ea. Su','Ovachester','27','1984-03-04 07:31:32','2007-02-21 22:44:50'),(8,'','1984-07-12',8,'Maiores itaque hic illo except','Lake Karianneberg','3','1977-07-18 17:41:18','1991-08-26 17:28:09'),(9,'','1999-07-22',9,'Est quidem et aut magnam. Aut ','New Jaiden','173','1977-08-26 10:32:25','1986-07-13 07:59:16'),(10,'','2008-05-05',10,'Nihil corporis est laudantium ','Monteport','462','1992-06-02 12:43:55','2016-09-13 14:10:40'),(11,'','2015-11-18',11,'Sunt necessitatibus tenetur ve','New Dorotheamouth','6111823','1997-10-04 21:33:08','2017-11-17 22:43:38'),(12,'','2006-04-08',12,'Dignissimos voluptatibus volup','Lake Rowenaton','673','1989-03-26 09:40:31','1988-06-30 13:54:38'),(13,'','2000-11-29',13,'Rem suscipit aut maxime cumque','Kimfurt','63881481','2016-09-02 17:24:43','2000-06-18 18:30:09'),(14,'','1991-01-09',14,'Eaque animi sint ratione aliqu','Yvonnefurt','2373667','2000-02-26 04:39:14','1992-11-25 06:36:51'),(15,'','2011-08-11',15,'Itaque asperiores accusamus hi','Enoschester','93','2000-12-24 09:01:39','2007-11-03 11:15:10'),(16,'','1980-05-24',16,'Qui doloremque accusantium mod','Kennychester','57747','1974-12-18 16:57:03','1991-05-16 13:23:08'),(17,'','1992-07-07',17,'Repellendus tenetur fuga quia ','Doyletown','','2003-12-21 06:43:53','1989-02-24 14:49:31'),(18,'','2013-12-06',18,'Libero a sint repellendus offi','Lianamouth','38','1979-07-06 04:11:50','1974-02-07 15:58:54'),(19,'','1993-11-25',19,'Est ut amet aut sit asperiores','Elnorafurt','52973607','1978-04-10 09:21:48','2002-06-23 02:21:53'),(20,'','2016-04-27',20,'Architecto impedit et facilis ','Malliefort','16271958','1996-12-25 09:18:11','2011-10-01 05:53:50'),(21,'','1998-11-29',21,'Nam dolores ut eum recusandae ','Deckowberg','9667','2013-04-06 09:54:43','2004-06-30 19:20:14'),(22,'','1987-01-03',22,'Reiciendis voluptatem molestia','Jordaneton','19963','1985-09-21 14:14:55','1999-11-05 16:07:42'),(23,'','2003-10-06',23,'Error facilis hic omnis culpa ','South Kaylee','5997','2007-11-17 12:11:15','1986-09-28 15:32:19'),(24,'','2017-07-19',24,'Quisquam quos sed ut illum fug','Melanyport','217340510','2013-07-26 14:58:51','1995-04-02 01:41:36'),(25,'','2018-05-18',25,'Est veritatis eos minima provi','Ritchiemouth','184266014','1979-01-29 12:16:58','2016-02-08 09:44:46'),(26,'','2006-07-08',26,'Ab pariatur quisquam culpa in ','Stiedemannport','97983','1991-10-09 20:43:36','2015-07-15 07:15:39'),(27,'','1978-07-27',27,'Sunt dolore assumenda corporis','Addisonside','70773575','2013-07-06 04:34:44','2009-07-31 00:13:53'),(28,'','2009-04-10',28,'At aspernatur iusto a quis. In','New Jacky','93862008','2010-06-30 15:36:42','1984-04-23 19:26:27'),(29,'','2017-07-23',29,'Praesentium quam molestias aut','Alekshire','50626408','1971-02-21 06:40:46','2005-10-15 17:32:32'),(30,'','1976-01-19',30,'Soluta voluptatem iure vel rep','West Tellyland','37937063','1994-05-21 03:26:29','1975-12-07 09:48:02'),(31,'','2018-06-30',31,'Est dolore magni non veniam so','South Shayleeville','153103086','1991-09-03 13:30:51','1972-08-21 15:30:52'),(32,'','1980-11-07',32,'Rem doloremque iure nobis nemo','Marshalltown','8222776','1985-03-21 01:18:30','1984-09-29 21:11:31'),(33,'','2015-06-06',33,'Esse asperiores blanditiis et ','Macejkovicfort','','2012-08-31 21:43:27','2017-01-08 19:29:22'),(34,'','1972-04-04',34,'Eos debitis repellendus eum ip','Port Zane','223283804','1980-11-16 12:08:56','2009-11-24 02:55:38'),(35,'','1972-01-12',35,'Delectus et ut quis quam. Recu','Hermistonberg','36551','1983-01-02 09:07:02','1996-07-13 10:04:49'),(36,'','1990-07-18',36,'Corporis nobis sapiente autem.','North Jaquelin','1505','2005-09-21 22:29:02','2001-12-10 05:46:52'),(37,'','2001-11-17',37,'Excepturi maiores sint et quae','West Green','921309','2004-05-23 11:35:33','1993-01-05 15:27:50'),(38,'','2002-02-22',38,'Et aliquam incidunt quam sed v','South Summerborough','8439','1985-10-08 14:42:22','2019-09-01 06:48:55'),(39,'','1987-02-16',39,'Sunt officiis ab omnis modi mo','North Lorena','1482','2016-10-23 06:40:09','2011-03-05 02:47:00'),(40,'','2002-02-26',40,'Sit molestiae et vel cumque es','New Winonahaven','9','1972-10-22 12:09:21','1973-02-19 06:36:19'),(41,'','1974-05-17',41,'Labore saepe nulla officiis do','Wainostad','57323','1992-03-13 22:27:31','1988-03-18 03:06:23'),(42,'','1993-02-26',42,'Eum delectus quia consequatur ','West Tevin','','2017-10-04 11:20:51','1982-04-09 19:55:05'),(43,'','1976-04-18',43,'Tempore hic ipsam ullam perspi','East Lucile','376','1979-10-09 12:49:18','2020-04-15 00:49:20'),(44,'','1998-10-09',44,'Voluptate ut cumque natus aute','Port Forrestchester','8870','1981-01-04 08:45:37','2013-01-26 04:42:53'),(45,'','1995-09-16',45,'Harum sequi rerum harum nostru','West Bethelborough','1888','2016-05-11 01:44:59','2008-05-24 21:43:57'),(46,'','2013-08-08',46,'Molestias et sed et exercitati','Stokesport','','2014-06-09 15:50:01','1995-06-28 18:42:14'),(47,'','1977-09-24',47,'Non ratione illum harum quod d','Anamouth','75715','2018-03-14 06:25:54','2017-04-22 06:56:29'),(48,'','2004-06-10',48,'Ex sit quia dolores fugit iust','Port Kenna','843','2007-05-05 06:04:13','1971-07-16 01:23:51'),(49,'','2017-11-19',49,'Suscipit voluptatem dolorem qu','Bernhardstad','3899836','2006-03-17 21:37:50','1970-04-24 01:43:18'),(50,'','2007-07-07',50,'Minima rerum consectetur asper','Nametown','3586625','1976-07-16 17:16:50','2002-02-01 00:59:38'),(51,'','1989-02-03',51,'Beatae corrupti sint et dolore','Port Corbinport','71244','2015-12-10 15:48:30','1993-11-21 02:12:20'),(52,'','2001-04-03',52,'Suscipit quibusdam labore aute','Schambergerville','31969880','1972-05-29 07:38:52','2013-04-23 13:12:46'),(53,'','1984-07-21',53,'Debitis laboriosam sunt nulla ','North Hilmaland','66822','1985-01-21 08:06:48','2011-11-19 08:30:36'),(54,'','1986-05-17',54,'Et veritatis ut blanditiis aut','Lake Lennie','673097978','1999-09-28 20:01:27','1973-01-16 20:29:28'),(55,'','2005-07-26',55,'Cupiditate animi incidunt hic ','Ebertview','49','1971-10-01 13:55:01','2013-02-17 16:36:21'),(56,'','1970-04-15',56,'Quae fugit aliquam et. Vel mol','Kraigmouth','5181','2011-01-05 15:14:26','2019-04-20 20:23:11'),(57,'','1971-04-11',57,'Aperiam numquam id non sit. Qu','Bartolettichester','','1984-12-23 22:04:14','2013-07-15 15:39:04'),(58,'','1982-09-10',58,'Sapiente nisi ipsa molestiae. ','Port Kylie','1137','2016-03-18 12:59:56','1998-09-25 10:27:17'),(59,'','1984-02-01',59,'Id excepturi quo non sint exce','East Douglas','837046','1987-06-14 20:58:49','2004-01-21 18:30:28'),(60,'','1997-01-07',60,'Similique quo distinctio ad ip','Port Damon','67303599','2013-06-13 00:26:55','1983-07-12 09:58:10'),(61,'','1982-12-01',61,'Fugiat neque facere quis repud','Lake Agustinaberg','15382','1992-09-18 10:17:59','1970-07-18 20:56:14'),(62,'','1976-11-14',62,'Quae corporis est pariatur ali','Lake Rogeliofurt','4608','1985-01-15 23:56:49','1993-03-11 15:40:34'),(63,'','1995-06-16',63,'Maxime qui facilis non volupta','Lake Kali','338777','1971-11-12 10:18:32','1997-02-24 23:51:36'),(64,'','1985-12-02',64,'Error ab quis aut repudiandae ','New Samantatown','243','1994-05-05 21:55:00','1999-10-02 23:52:43'),(65,'','1975-01-02',65,'Doloremque ut aliquid dignissi','Jackiemouth','58654679','1979-08-09 07:32:52','1977-01-12 23:17:06'),(66,'','2014-02-22',66,'Quia et eos dolores. Adipisci ','Port Vickystad','3964267','2006-04-22 09:27:06','2011-01-11 15:13:20'),(67,'','1993-10-21',67,'Nam ut labore dolores exceptur','South Ociebury','575','1972-10-13 16:32:32','1976-05-24 02:34:11'),(68,'','1988-09-04',68,'Blanditiis saepe reiciendis et','North Art','7734079','2000-02-19 06:17:16','2007-09-01 20:55:03'),(69,'','1974-06-30',69,'Blanditiis sit sed aut enim ex','West Zola','874603','1993-03-19 01:20:57','2012-10-15 08:35:03'),(70,'','1972-06-06',70,'Consequatur nostrum similique ','Lake Cathy','961','1978-06-18 18:17:10','1998-02-01 13:43:08'),(71,'','2001-11-16',71,'Consequuntur provident velit i','East Gloriamouth','8022766','2014-09-18 11:34:12','2006-03-29 23:52:48'),(72,'','1971-06-24',72,'Provident dolorem amet veniam ','New Janieton','842582766','1988-08-30 16:16:02','1974-05-20 02:16:04'),(73,'','2020-11-19',73,'Qui officia quo non facere ut.','West Marcelinabury','13013885','2020-10-17 03:52:52','1976-06-08 14:35:19'),(74,'','1974-03-14',74,'Qui sint quo ratione recusanda','Port Merritthaven','','2008-08-30 08:08:37','1971-11-09 19:21:56'),(75,'','1984-11-24',75,'Quia cumque voluptas expedita ','Conntown','236486','2004-09-30 03:52:39','1996-06-17 12:14:26'),(76,'','1975-11-05',76,'Laborum blanditiis quia blandi','Luisaside','75','1972-06-07 22:58:52','1978-06-04 02:18:35'),(77,'','1984-03-27',77,'Mollitia sit qui modi labore a','Lake Angelica','334','1999-06-27 03:14:43','1975-07-17 11:24:31'),(78,'','1980-04-16',78,'Nulla ex nostrum optio dolores','Julienburgh','133980','1986-05-05 06:18:02','2013-01-05 04:35:12'),(79,'','2007-08-29',79,'Ea quo facilis voluptatibus ex','Lonnyshire','','1979-10-31 06:15:56','1988-06-01 04:36:28'),(80,'','2010-06-17',80,'Esse mollitia enim sint eligen','East Elsieport','100998','2016-10-08 16:52:07','2018-03-25 14:05:55'),(81,'','1988-04-11',81,'Molestias mollitia ea molestia','Watersfort','885872763','2020-02-25 23:29:56','1974-04-05 23:46:47'),(82,'','1971-01-05',82,'Sint itaque eum quisquam cum s','South Cliffordtown','880','1995-12-10 01:51:24','1979-05-05 17:36:30'),(83,'','1991-05-16',83,'Sed voluptatem at vitae odio d','Donniemouth','266138','1970-01-09 17:33:29','1997-12-16 05:51:42'),(84,'','2013-04-07',84,'Sed harum recusandae id iste i','Jeramyton','613125512','2001-03-03 14:06:27','2006-05-24 22:15:20'),(85,'','1974-01-01',85,'Aliquam veniam est error est. ','East Valentinamouth','6532','1997-09-23 18:07:59','1974-08-30 16:39:45'),(86,'','1994-02-03',86,'Est culpa qui maiores eum. Qui','Port Elvisland','6','1983-03-18 22:57:24','2011-11-06 05:49:03'),(87,'','2003-01-06',87,'Quibusdam expedita aperiam nem','Port Caliport','5938','1985-07-31 22:00:22','1971-04-12 15:35:03'),(88,'','2019-06-01',88,'Accusantium qui quidem non dol','Ratketown','3','2000-09-09 12:38:16','1995-11-24 20:01:56'),(89,'','2003-03-26',89,'Blanditiis esse dignissimos vo','Marvinville','24626479','1983-06-12 17:45:05','1995-05-25 13:44:15'),(90,'','1992-02-05',90,'Ea quaerat magni quia qui temp','Lake Syblemouth','10188568','2020-09-04 10:44:05','1983-04-06 17:28:54'),(91,'','2017-03-24',91,'Ut voluptas unde enim repudian','Zechariahstad','83','2012-11-13 13:26:45','2016-11-17 12:56:59'),(92,'','2015-04-08',92,'Consequatur aut velit odit. Vo','Hayesside','111160','1995-08-30 12:44:10','1991-05-10 01:06:28'),(93,'','1978-12-06',93,'In perspiciatis ea quas. Excep','Port Duncanstad','4','2008-09-02 08:31:04','2019-04-01 01:31:34'),(94,'','1989-10-21',94,'Inventore cumque magni volupta','East Scot','87423','1974-07-20 11:57:33','1990-09-13 11:41:02'),(95,'','1991-12-09',95,'Aut occaecati ratione amet aut','West Mortimer','6107','2017-10-12 12:41:38','1975-03-02 18:51:12'),(96,'','2003-06-13',96,'Eligendi exercitationem libero','New Tarynfurt','6','1980-12-13 11:12:50','2003-03-22 20:21:02'),(97,'','1988-02-18',97,'Facilis dolore dolorem volupta','Port Delores','','1998-09-13 15:54:31','2014-05-17 11:50:58'),(98,'','1974-11-13',98,'Quis quisquam ea accusantium a','Port Chris','6572905','1991-03-18 01:00:18','1997-03-01 10:42:26'),(99,'','2005-10-18',99,'Et neque sint dolorem enim mag','Tavaresberg','58994145','1989-12-29 09:42:08','1999-05-31 09:08:59'),(100,'','1995-02-24',100,'Qui voluptatem possimus nesciu','Port Chaunceyview','5362','2000-04-15 01:32:28','1984-06-08 13:39:32');
/*!40000 ALTER TABLE `profiles` ENABLE KEYS */;
UNLOCK TABLES;

--
-- Table structure for table `users`
--

DROP TABLE IF EXISTS `users`;
/*!40101 SET @saved_cs_client     = @@character_set_client */;
/*!50503 SET character_set_client = utf8mb4 */;
CREATE TABLE `users` (
  `id` int unsigned NOT NULL AUTO_INCREMENT COMMENT 'Идентификатор строки',
  `first_name` varchar(100) NOT NULL COMMENT 'Имя пользователя',
  `last_name` varchar(100) NOT NULL COMMENT 'Фамилия пользователя',
  `email` varchar(100) NOT NULL COMMENT 'Почта',
  `phone` varchar(100) NOT NULL COMMENT 'Телефон',
  `created_at` datetime DEFAULT CURRENT_TIMESTAMP COMMENT 'Время создания строки',
  `updated_at` datetime DEFAULT CURRENT_TIMESTAMP ON UPDATE CURRENT_TIMESTAMP COMMENT 'Время обновления строки',
  PRIMARY KEY (`id`),
  UNIQUE KEY `email` (`email`),
  UNIQUE KEY `phone` (`phone`)
) ENGINE=InnoDB AUTO_INCREMENT=101 DEFAULT CHARSET=utf8mb4 COLLATE=utf8mb4_0900_ai_ci COMMENT='Пользователи';
/*!40101 SET character_set_client = @saved_cs_client */;

--
-- Dumping data for table `users`
--

LOCK TABLES `users` WRITE;
/*!40000 ALTER TABLE `users` DISABLE KEYS */;
INSERT INTO `users` VALUES (1,'Libbie','Upton','kozey.lucile@example.com','329-291-1673','1975-01-18 15:50:27','1987-03-26 11:14:18'),(2,'Eli','Becker','mraz.estell@example.org','00451124984','1974-11-18 17:17:00','1975-08-20 19:34:52'),(3,'Gerda','Hilpert','juliana25@example.net','250.949.5952x973','1972-10-15 04:33:03','2001-06-08 03:04:19'),(4,'Shane','Cole','owilderman@example.com','190-536-1676x988','2003-11-30 07:18:15','1995-06-27 01:01:02'),(5,'Leslie','Beatty','fahey.madie@example.net','507.750.5523x8977','2007-03-27 14:38:34','1978-09-27 17:24:03'),(6,'Mandy','Hagenes','pedro18@example.org','021-280-5324x758','2016-02-12 09:55:14','2004-04-17 13:57:19'),(7,'Dell','Schamberger','kerluke.ivory@example.org','(587)192-9456x716','2015-05-22 14:46:41','1977-03-23 13:25:04'),(8,'Nella','Homenick','thahn@example.org','793.093.1939','2015-01-02 06:54:03','1996-04-20 22:19:54'),(9,'Crystel','Wilkinson','mueller.pascale@example.org','(874)073-8454x20070','2006-09-19 13:11:06','2013-11-24 04:19:09'),(10,'Carroll','Fay','giovanna.borer@example.net','1-977-700-9667x151','1978-06-27 16:00:35','1995-07-10 15:58:56'),(11,'Eldora','Green','clare37@example.org','451-678-5212','2003-01-30 06:29:23','1988-08-15 12:24:14'),(12,'Abigail','Bergstrom','zelda.franecki@example.com','525-158-4288','2020-11-30 01:39:31','2013-02-21 12:55:58'),(13,'Loyal','Weimann','nolan.dario@example.org','1-209-522-9817','1982-11-10 09:34:55','1977-05-19 03:03:25'),(14,'Dominique','Hegmann','zluettgen@example.com','166-299-3017x60706','2004-02-18 02:27:59','1984-08-11 08:52:30'),(15,'Anya','Greenfelder','bhansen@example.com','454.507.6227x388','1983-11-22 20:41:44','1970-12-23 20:58:27'),(16,'Logan','Johnson','alene40@example.com','160.698.9685x060','1996-02-28 23:58:17','1993-09-06 11:40:56'),(17,'Julien','Hermiston','hailie.rice@example.org','1-854-305-8866','2013-09-24 14:40:11','1991-02-12 17:19:56'),(18,'Taryn','Schmitt','wyatt.stiedemann@example.com','1-969-937-0502x52483','2009-04-20 21:47:48','1999-12-26 06:14:38'),(19,'Freida','Wisoky','schaefer.faye@example.com','097-562-7244x0575','1988-01-28 21:30:42','1994-11-08 16:41:22'),(20,'Allison','Torp','zieme.daisha@example.com','+42(2)5931442740','2014-08-27 20:40:05','2008-08-13 17:36:41'),(21,'Laurine','Brekke','stuart.dicki@example.net','1-931-488-4265','1985-04-04 07:59:02','2005-10-27 09:09:39'),(22,'Danielle','Rice','samanta30@example.com','666-713-6659x21317','2016-08-01 20:17:01','2007-02-04 22:47:36'),(23,'Carley','Daugherty','zoila92@example.net','(713)247-2376x54190','2005-12-28 00:29:12','2018-01-05 08:37:18'),(24,'Evalyn','Conroy','fahey.alana@example.net','1-517-413-5877x3769','1979-08-31 23:53:07','2006-10-29 01:25:25'),(25,'Eloisa','Bartoletti','selena68@example.org','434.073.2241','2019-04-07 10:10:19','2010-09-22 01:45:21'),(26,'Christop','Schroeder','hackett.tristian@example.net','017-486-2597x70976','1972-03-25 23:49:05','1976-07-21 10:21:09'),(27,'Gunnar','Abbott','ova29@example.com','328.754.3945x952','2010-04-27 00:58:20','1999-04-14 06:16:34'),(28,'Cicero','Bernhard','faye.jaskolski@example.org','267.543.2074x6699','1996-12-16 12:17:37','2009-09-09 15:07:22'),(29,'Geovany','Frami','carmelo.rath@example.org','931-110-6789x11555','1979-08-29 12:20:17','2006-10-10 04:18:49'),(30,'Alvis','Fisher','valentin63@example.org','499.244.6992','2014-06-26 15:56:50','2018-04-27 02:41:36'),(31,'Wilfredo','Kemmer','ctowne@example.net','592-593-5721x6488','2020-06-14 08:39:00','1978-01-23 03:35:39'),(32,'Kailey','Crona','jacques.huel@example.net','425.782.4715x1627','1996-10-15 17:27:40','1973-09-29 07:21:07'),(33,'Haley','Klein','pascale.glover@example.com','(811)859-2003','2000-02-20 09:45:19','2007-08-08 01:34:37'),(34,'Lesley','Gutmann','krolfson@example.net','1-431-293-7642x30780','2001-06-11 23:38:18','1973-11-06 04:10:23'),(35,'Kathryne','Wiegand','roselyn.harris@example.org','02781644632','1992-11-13 03:45:00','1993-09-02 14:15:18'),(36,'Edmond','Frami','phalvorson@example.org','873.476.9326x88241','1990-11-09 22:05:47','1985-01-03 21:19:27'),(37,'Cecile','D\'Amore','shanel.bayer@example.com','00970223017','2005-06-27 00:19:45','1985-06-22 23:45:40'),(38,'Barrett','Waters','fannie97@example.com','677-259-1984x3371','1980-07-06 04:59:33','2007-05-02 06:20:11'),(39,'Diana','Zemlak','alize54@example.com','002.722.5536x585','1989-04-20 14:12:58','2004-03-28 18:05:40'),(40,'Aida','Russel','keyshawn.senger@example.org','077.788.7742x84518','1999-11-03 03:21:04','1977-03-06 15:54:06'),(41,'Domingo','Ward','flehner@example.com','(920)040-3017','2010-07-15 19:17:50','1978-03-23 01:20:09'),(42,'Marian','Bernhard','schinner.ludwig@example.com','1-920-019-8236x93052','2015-08-29 10:08:09','1973-11-15 11:52:50'),(43,'Margarete','Kovacek','bulah27@example.org','08472118754','2016-04-03 01:58:16','2003-10-08 03:33:39'),(44,'Francesco','Jacobson','karianne39@example.com','1-115-840-0667','1984-04-19 14:53:58','1984-11-14 01:08:37'),(45,'Garnet','Roberts','tsipes@example.com','01843894665','1971-10-27 19:01:03','2018-02-17 15:34:07'),(46,'Claudine','Ruecker','lucius.parisian@example.net','(101)647-9798','2016-06-25 12:21:10','2021-01-02 08:15:35'),(47,'Floyd','Prohaska','cayla.schuppe@example.com','1-539-444-3645','1998-10-18 02:30:30','2004-05-10 15:00:32'),(48,'Trever','Nienow','anya.howell@example.net','774.636.6012','1996-03-25 22:04:15','1998-10-28 20:47:20'),(49,'Dena','Schowalter','tabitha.bernhard@example.org','385-703-0639x88176','2002-09-05 19:51:45','1974-01-12 15:19:27'),(50,'Claude','Casper','schmeler.eriberto@example.org','541-458-4937','1973-11-07 15:31:26','2017-06-06 14:32:55'),(51,'Tom','Champlin','efunk@example.org','(582)588-2455','2012-11-20 23:47:50','2005-01-19 18:24:49'),(52,'Dakota','Hegmann','schneider.arlo@example.net','(264)055-7977x4519','1973-11-30 01:02:02','2002-09-20 15:32:26'),(53,'Elsa','Waters','mozelle33@example.com','115-272-6323','2001-08-21 03:49:58','2014-12-27 05:57:45'),(54,'Sammy','Marquardt','jess.kuvalis@example.com','169-670-0140x7253','1988-02-02 02:30:57','1999-04-29 19:54:47'),(55,'Toby','Greenholt','chyatt@example.net','07066657812','1984-07-01 12:37:30','2017-07-19 14:26:03'),(56,'Eulalia','Kreiger','uoberbrunner@example.com','(951)593-6408x5919','2010-04-26 08:06:49','1980-11-08 20:41:06'),(57,'Hester','Braun','prosacco.cathy@example.com','735.604.9304x51777','2012-01-01 08:06:27','2014-06-20 09:20:58'),(58,'Delmer','Nolan','no\'connell@example.com','123-842-3229','2015-04-04 05:56:14','2010-04-29 18:13:08'),(59,'Mara','Goldner','eichmann.darrell@example.com','00335442366','1991-07-06 23:23:27','1983-04-25 23:11:00'),(60,'Brianne','Langosh','earline26@example.org','(661)072-3212','2017-03-20 15:25:39','2008-09-21 16:16:10'),(61,'Vincenza','Fadel','cleve73@example.org','1-889-545-8226x42008','2003-06-03 20:55:01','1987-03-19 06:14:16'),(62,'Josianne','Mohr','kari97@example.net','817-785-9130x37242','1982-08-19 04:15:47','2017-05-24 06:32:48'),(63,'Ari','Goodwin','ekautzer@example.org','02309909912','2001-03-17 23:17:08','2012-08-07 17:54:03'),(64,'Francesca','Simonis','vwest@example.org','1-414-434-5075x656','2015-06-25 16:17:57','2018-12-25 12:55:48'),(65,'Marcelino','Torp','lelah43@example.com','08340271278','1976-06-02 01:59:47','2014-01-17 09:28:45'),(66,'Lindsay','Johnson','mhyatt@example.net','(481)555-6591x5486','1995-10-08 02:01:20','2011-03-05 13:59:17'),(67,'Rita','Huel','koch.barrett@example.org','784.865.3620x41778','1974-07-29 23:56:35','2011-09-23 19:05:15'),(68,'Valentina','Barrows','balistreri.isabella@example.org','516-402-4499','2007-08-19 23:20:43','2010-08-26 16:25:29'),(69,'Gerhard','Doyle','edyth.sanford@example.org','1-064-330-4248','1986-05-14 23:33:13','1989-08-02 07:51:48'),(70,'Tatyana','Gerhold','emery07@example.net','591.201.1791x92714','1989-02-13 18:10:38','2003-01-18 10:55:13'),(71,'Elliott','Schiller','hhickle@example.net','137.448.3455x01764','1994-11-15 03:00:05','1993-08-09 14:56:14'),(72,'Allene','Nienow','bashirian.macy@example.com','(028)397-7919x51956','2006-12-26 01:45:37','1976-12-18 08:14:16'),(73,'Eileen','Kuhlman','gabrielle.considine@example.com','855-753-8413','2012-01-05 05:23:28','2000-08-25 20:23:15'),(74,'Otis','Reinger','bianka.torp@example.com','383.791.4073x3471','1991-02-19 23:45:23','2000-10-04 23:51:06'),(75,'Fermin','DuBuque','ramiro.pacocha@example.org','547-513-4913','1997-02-05 19:55:43','2020-06-20 06:42:52'),(76,'Theron','Kihn','domenic.o\'kon@example.net','1-148-479-7873','1999-04-18 11:05:10','1970-02-09 17:15:43'),(77,'Christy','Cartwright','kuvalis.jazmyn@example.org','486-774-5009','1974-05-05 22:18:25','2003-02-06 22:57:31'),(78,'Dorothea','Cummerata','rebeca.ward@example.net','1-343-156-4088','1998-06-04 06:31:49','2017-06-04 07:23:58'),(79,'Kraig','Hansen','larkin.hester@example.org','1-165-575-7120','2002-01-02 23:57:37','1975-08-12 10:56:56'),(80,'Jarvis','Bergnaum','nolan.giovanna@example.net','242.229.1133x0874','1984-11-10 05:58:50','2002-02-08 07:33:25'),(81,'Mozelle','Lueilwitz','rprosacco@example.org','1-765-979-6818','1995-04-08 05:40:48','2006-08-26 11:11:51'),(82,'Shakira','Corwin','randy02@example.com','487.784.0486','2014-08-11 13:45:48','1976-07-11 21:25:43'),(83,'Novella','Beer','irwin67@example.com','+63(2)7217025812','2015-10-27 21:57:45','2008-08-04 01:34:10'),(84,'Yasmine','Hegmann','samara.kozey@example.com','268.870.1072','1975-09-15 23:34:28','1974-10-01 13:21:33'),(85,'Remington','Rippin','montana.gutmann@example.org','806-197-7118','1973-03-13 09:54:33','1990-12-05 04:38:35'),(86,'Dillan','Waelchi','noble.lynch@example.org','769.308.9421','2003-01-18 05:35:03','1972-04-24 06:44:03'),(87,'Adrien','Moen','lubowitz.elmore@example.com','04899111572','1974-01-07 16:08:39','1971-06-21 02:23:16'),(88,'Aditya','Brown','zmiller@example.net','1-116-842-5009','1976-11-07 02:13:10','1986-05-23 01:53:12'),(89,'Madyson','Kunde','alberta15@example.org','1-006-696-1995x16416','2007-12-25 23:16:44','2020-04-27 12:15:23'),(90,'Bobbie','Kuhlman','ydouglas@example.org','326-438-5091','2017-08-26 17:02:41','2009-04-30 15:42:27'),(91,'Ruby','Jones','catharine29@example.net','1-545-119-7893','2020-12-27 06:31:18','2003-09-24 04:40:20'),(92,'Heaven','Sporer','nicholas.okuneva@example.net','+18(5)4698863528','1989-11-30 17:27:30','2011-01-18 23:09:43'),(93,'Casey','Pfeffer','carroll.myra@example.com','952-675-5115','2003-10-17 07:03:56','1990-09-21 22:29:56'),(94,'Mario','Satterfield','wblock@example.org','(775)915-2646x764','1990-04-23 04:55:58','2008-10-23 10:37:39'),(95,'Juanita','Huel','cschmidt@example.net','(242)937-0180','2019-07-29 11:39:20','1979-04-01 08:12:43'),(96,'Maverick','Thompson','green.katlyn@example.net','03096105919','2021-01-11 22:52:49','1973-07-26 13:11:01'),(97,'Carolina','Cartwright','rempel.jarret@example.com','1-916-237-5850x38110','2003-03-17 02:04:15','1989-03-12 01:19:09'),(98,'Cleora','Witting','mthompson@example.org','1-711-726-9220','2005-09-11 04:01:28','2003-03-05 12:59:46'),(99,'Don','Little','turner.noemie@example.net','(481)592-3006x873','2009-12-13 06:35:55','1976-10-11 03:18:03'),(100,'Buster','Effertz','ekunde@example.com','948-139-1939x839','1999-07-10 21:03:09','2008-09-13 14:44:23');
/*!40000 ALTER TABLE `users` ENABLE KEYS */;
UNLOCK TABLES;
/*!40103 SET TIME_ZONE=@OLD_TIME_ZONE */;

/*!40101 SET SQL_MODE=@OLD_SQL_MODE */;
/*!40014 SET FOREIGN_KEY_CHECKS=@OLD_FOREIGN_KEY_CHECKS */;
/*!40014 SET UNIQUE_CHECKS=@OLD_UNIQUE_CHECKS */;
/*!40101 SET CHARACTER_SET_CLIENT=@OLD_CHARACTER_SET_CLIENT */;
/*!40101 SET CHARACTER_SET_RESULTS=@OLD_CHARACTER_SET_RESULTS */;
/*!40101 SET COLLATION_CONNECTION=@OLD_COLLATION_CONNECTION */;
/*!40111 SET SQL_NOTES=@OLD_SQL_NOTES */;

-- Dump completed on 2021-03-18 22:11:17
